{"stats":{"minecraft:mined":{"minecraft:short_grass":6,"minecraft:grass_block":1,"minecraft:tall_grass":9,"minecraft:spruce_leaves":1,"minecraft:spruce_log":6},"minecraft:custom":{"minecraft:time_since_rest":5958,"minecraft:play_time":5958,"minecraft:sprint_one_cm":26799,"minecraft:walk_one_cm":3072,"minecraft:mob_kills":4,"minecraft:jump":136,"minecraft:damage_dealt":240,"minecraft:time_since_death":5958,"minecraft:total_world_time":5958,"minecraft:fall_one_cm":1523,"minecraft:fly_one_cm":22626},"minecraft:picked_up":{"minecraft:feather":1,"minecraft:chicken":2,"minecraft:wheat_seeds":1,"minecraft:spruce_log":6,"minecraft:mutton":3,"minecraft:dirt":1,"minecraft:white_wool":2},"minecraft:killed":{"minecraft:sheep":2,"minecraft:chicken":2}},"DataVersion":3953}