{"stats":{"minecraft:mined":{"minecraft:tuff":25,"minecraft:white_bed":6,"minecraft:deepslate_diamond_ore":89,"minecraft:brewing_stand":1,"minecraft:granite":7,"minecraft:grass_block":23,"minecraft:spruce_fence":4,"minecraft:spruce_leaves":3,"minecraft:composter":3,"minecraft:iron_ore":8,"minecraft:cobbled_deepslate":12,"minecraft:snow":4,"minecraft:andesite":8,"minecraft:fletching_table":1,"minecraft:deepslate_lapis_ore":1,"minecraft:bookshelf":4,"minecraft:potatoes":3,"minecraft:dirt_path":4,"minecraft:water_cauldron":2,"minecraft:stone":104,"minecraft:red_bed":1,"minecraft:smoker":1,"minecraft:dandelion":3,"minecraft:short_grass":10,"minecraft:lectern":24,"minecraft:cobblestone":13,"minecraft:copper_ore":2,"minecraft:tall_grass":17,"minecraft:deepslate_gold_ore":10,"minecraft:sugar_cane":1,"minecraft:blue_bed":8,"minecraft:birch_log":4,"minecraft:spruce_log":27,"minecraft:coal_ore":20,"minecraft:dirt":52,"minecraft:gravel":14,"minecraft:stonecutter":1,"minecraft:deepslate":370},"minecraft:custom":{"minecraft:mob_kills":14,"minecraft:interact_with_crafting_table":10,"minecraft:bell_ring":7,"minecraft:leave_game":6,"minecraft:time_since_death":30877,"minecraft:sprint_one_cm":199332,"minecraft:walk_one_cm":105489,"minecraft:drop":52,"minecraft:talked_to_villager":43,"minecraft:play_time":92529,"minecraft:deaths":8,"minecraft:sneak_time":988,"minecraft:walk_under_water_one_cm":2098,"minecraft:jump":1235,"minecraft:walk_on_water_one_cm":4128,"minecraft:total_world_time":92529,"minecraft:interact_with_furnace":2,"minecraft:traded_with_villager":5,"minecraft:sleep_in_bed":2,"minecraft:time_since_rest":5393,"minecraft:damage_taken":2757,"minecraft:damage_dealt":2276,"minecraft:swim_one_cm":2825,"minecraft:fly_one_cm":270309,"minecraft:open_chest":5,"minecraft:crouch_one_cm":729,"minecraft:fall_one_cm":40128},"minecraft:dropped":{"minecraft:bread":4,"minecraft:wheat_seeds":2,"minecraft:lapis_lazuli":6,"minecraft:feather":1,"minecraft:cobblestone":131,"minecraft:granite":7,"minecraft:spruce_button":1,"minecraft:leather_helmet":2,"minecraft:stick":3,"minecraft:dirt":2,"minecraft:mutton":3,"minecraft:birch_log":1,"minecraft:white_wool":2,"minecraft:spruce_sapling":1,"minecraft:dandelion":3,"minecraft:gravel":12,"minecraft:cobbled_deepslate":369,"minecraft:raw_copper":7,"minecraft:tuff":25,"minecraft:chicken":2,"minecraft:rotten_flesh":2,"minecraft:diamond_chestplate":3,"minecraft:beetroot_seeds":4,"minecraft:leather_boots":1,"minecraft:spruce_log":6,"minecraft:rabbit_stew":1,"minecraft:stone_pickaxe":1,"minecraft:beef":3,"minecraft:wooden_pickaxe":1},"minecraft:used":{"minecraft:dirt":35,"minecraft:furnace":1,"minecraft:potato":17,"minecraft:cobbled_deepslate":140,"minecraft:stone_pickaxe":104,"minecraft:wooden_pickaxe":3,"minecraft:composter":3,"minecraft:blue_bed":8,"minecraft:fletching_table":1,"minecraft:diamond_axe":35,"minecraft:crafting_table":5,"minecraft:red_bed":1,"minecraft:white_bed":5,"minecraft:diamond_pickaxe":529,"minecraft:diamond_shovel":67,"minecraft:bread":5,"minecraft:iron_pickaxe":70,"minecraft:lectern":24,"minecraft:spruce_trapdoor":1,"minecraft:spruce_sapling":1,"minecraft:diamond_sword":19,"minecraft:cobblestone":39,"minecraft:andesite":6,"minecraft:birch_log":3},"minecraft:killed_by":{"minecraft:creeper":1,"minecraft:zombie":3},"minecraft:crafted":{"minecraft:rabbit_stew":1,"minecraft:spruce_button":1,"minecraft:furnace":1,"minecraft:diamond_shovel":1,"minecraft:diamond_helmet":1,"minecraft:diamond_leggings":1,"minecraft:stone_pickaxe":1,"minecraft:diamond_boots":1,"minecraft:diamond_sword":1,"minecraft:emerald":2,"minecraft:diamond_axe":1,"minecraft:crafting_table":5,"minecraft:spruce_planks":76,"minecraft:wooden_pickaxe":1,"minecraft:bread":12,"minecraft:air":0,"minecraft:spruce_trapdoor":2,"minecraft:diamond_pickaxe":1,"minecraft:shield":1,"minecraft:stick":80,"minecraft:iron_ingot":8,"minecraft:iron_pickaxe":1,"minecraft:diamond_chestplate":4},"minecraft:picked_up":{"minecraft:chicken":2,"minecraft:rabbit_stew":1,"minecraft:wooden_pickaxe":1,"minecraft:brewing_stand":1,"minecraft:red_bed":1,"minecraft:raw_copper":14,"minecraft:cobbled_deepslate":878,"minecraft:spruce_planks":56,"minecraft:beef":6,"minecraft:iron_pickaxe":1,"minecraft:lectern":25,"minecraft:sugar_cane":3,"minecraft:raw_iron":8,"minecraft:composter":3,"minecraft:spruce_fence":4,"minecraft:cauldron":2,"minecraft:arrow":4,"minecraft:diamond_chestplate":1,"minecraft:rotten_flesh":10,"minecraft:beetroot_seeds":4,"minecraft:saddle":1,"minecraft:mutton":3,"minecraft:snowball":4,"minecraft:white_wool":3,"minecraft:cobblestone":248,"minecraft:birch_log":4,"minecraft:feather":1,"minecraft:andesite":6,"minecraft:leather":4,"minecraft:smoker":1,"minecraft:potato":2,"minecraft:flint":4,"minecraft:tuff":50,"minecraft:lapis_lazuli":12,"minecraft:dirt":79,"minecraft:blue_bed":8,"minecraft:leather_boots":1,"minecraft:stonecutter":1,"minecraft:wheat_seeds":2,"minecraft:raw_gold":20,"minecraft:iron_ingot":5,"minecraft:stone_pickaxe":1,"minecraft:fletching_table":1,"minecraft:book":24,"minecraft:dandelion":3,"minecraft:gravel":24,"minecraft:spruce_sapling":2,"minecraft:white_bed":5,"minecraft:spruce_log":29,"minecraft:spider_eye":1,"minecraft:leather_helmet":2,"minecraft:diamond":143,"minecraft:granite":14,"minecraft:spruce_button":1,"minecraft:bread":4,"minecraft:coal":20,"minecraft:diamond_pickaxe":1},"minecraft:killed":{"minecraft:spider":1,"minecraft:skeleton":1,"minecraft:chicken":2,"minecraft:wolf":1,"minecraft:sheep":3,"minecraft:zombie":6}},"DataVersion":3953}