{"stats":{"minecraft:mined":{"minecraft:tuff":25,"minecraft:deepslate_diamond_ore":51,"minecraft:dandelion":3,"minecraft:granite":7,"minecraft:short_grass":9,"minecraft:grass_block":15,"minecraft:lectern":1,"minecraft:tall_grass":17,"minecraft:copper_ore":2,"minecraft:cobblestone":13,"minecraft:spruce_leaves":3,"minecraft:deepslate_gold_ore":10,"minecraft:sugar_cane":1,"minecraft:birch_log":4,"minecraft:iron_ore":8,"minecraft:spruce_log":27,"minecraft:andesite":8,"minecraft:bookshelf":4,"minecraft:coal_ore":20,"minecraft:gravel":14,"minecraft:dirt":1,"minecraft:stone":104,"minecraft:deepslate":278},"minecraft:custom":{"minecraft:interact_with_furnace":2,"minecraft:mob_kills":13,"minecraft:traded_with_villager":1,"minecraft:interact_with_crafting_table":6,"minecraft:leave_game":4,"minecraft:time_since_death":24384,"minecraft:time_since_rest":24423,"minecraft:sprint_one_cm":126178,"minecraft:damage_taken":2323,"minecraft:walk_one_cm":51028,"minecraft:drop":26,"minecraft:damage_dealt":2011,"minecraft:swim_one_cm":2825,"minecraft:talked_to_villager":12,"minecraft:fly_one_cm":201570,"minecraft:open_chest":3,"minecraft:crouch_one_cm":67,"minecraft:play_time":56023,"minecraft:deaths":7,"minecraft:sneak_time":98,"minecraft:walk_under_water_one_cm":2098,"minecraft:jump":844,"minecraft:walk_on_water_one_cm":4128,"minecraft:total_world_time":56023,"minecraft:fall_one_cm":26855},"minecraft:dropped":{"minecraft:wheat_seeds":2,"minecraft:chicken":2,"minecraft:feather":1,"minecraft:dirt":2,"minecraft:diamond_chestplate":3,"minecraft:mutton":3,"minecraft:spruce_log":6,"minecraft:birch_log":1,"minecraft:white_wool":2,"minecraft:spruce_sapling":1,"minecraft:dandelion":3},"minecraft:used":{"minecraft:stone_pickaxe":104,"minecraft:wooden_pickaxe":3,"minecraft:crafting_table":3,"minecraft:diamond_pickaxe":381,"minecraft:iron_pickaxe":70,"minecraft:spruce_sapling":1,"minecraft:cobblestone":39,"minecraft:furnace":1,"minecraft:andesite":6,"minecraft:birch_log":3,"minecraft:potato":7},"minecraft:killed_by":{"minecraft:creeper":1,"minecraft:zombie":3},"minecraft:crafted":{"minecraft:rabbit_stew":1,"minecraft:crafting_table":3,"minecraft:spruce_planks":76,"minecraft:spruce_button":1,"minecraft:wooden_pickaxe":1,"minecraft:furnace":1,"minecraft:air":0,"minecraft:diamond_pickaxe":1,"minecraft:stick":8,"minecraft:iron_ingot":8,"minecraft:iron_pickaxe":1,"minecraft:stone_pickaxe":1,"minecraft:diamond_chestplate":4},"minecraft:picked_up":{"minecraft:birch_log":4,"minecraft:feather":1,"minecraft:chicken":2,"minecraft:andesite":6,"minecraft:leather":2,"minecraft:flint":2,"minecraft:tuff":25,"minecraft:dirt":16,"minecraft:raw_copper":7,"minecraft:wheat_seeds":2,"minecraft:cobbled_deepslate":277,"minecraft:raw_gold":10,"minecraft:beef":3,"minecraft:lectern":1,"minecraft:sugar_cane":3,"minecraft:book":12,"minecraft:raw_iron":8,"minecraft:dandelion":3,"minecraft:gravel":12,"minecraft:spruce_sapling":2,"minecraft:spruce_log":29,"minecraft:arrow":4,"minecraft:rotten_flesh":8,"minecraft:diamond":51,"minecraft:granite":7,"minecraft:mutton":3,"minecraft:coal":20,"minecraft:white_wool":3,"minecraft:cobblestone":117},"minecraft:killed":{"minecraft:wolf":1,"minecraft:sheep":3,"minecraft:skeleton":1,"minecraft:zombie":6,"minecraft:chicken":2}},"DataVersion":3953}