{"stats":{"minecraft:killed_by":{"minecraft:creeper":1,"minecraft:enderman":1,"minecraft:zombie":3},"minecraft:killed":{"minecraft:spider":2,"minecraft:skeleton":1,"minecraft:chicken":2,"minecraft:silverfish":2,"minecraft:wolf":1,"minecraft:zombie_villager":1,"minecraft:sheep":3,"minecraft:zombie":9,"minecraft:stray":1,"minecraft:villager":1},"minecraft:dropped":{"minecraft:bread":4,"minecraft:wheat_seeds":2,"minecraft:lapis_lazuli":6,"minecraft:feather":1,"minecraft:cobblestone":131,"minecraft:granite":7,"minecraft:spruce_button":1,"minecraft:saddle":2,"minecraft:leather_helmet":2,"minecraft:stick":3,"minecraft:dirt":2,"minecraft:mutton":3,"minecraft:snowball":32,"minecraft:birch_log":1,"minecraft:white_wool":2,"minecraft:spruce_sapling":1,"minecraft:dandelion":3,"minecraft:gravel":12,"minecraft:cobbled_deepslate":369,"minecraft:raw_copper":7,"minecraft:tuff":25,"minecraft:chicken":2,"minecraft:white_carpet":1,"minecraft:rotten_flesh":2,"minecraft:light_gray_carpet":1,"minecraft:flower_pot":1,"minecraft:diamond_chestplate":3,"minecraft:beetroot_seeds":4,"minecraft:leather_boots":1,"minecraft:spruce_log":6,"minecraft:rabbit_stew":1,"minecraft:wooden_pickaxe":1,"minecraft:beef":3,"minecraft:stone_pickaxe":1},"minecraft:picked_up":{"minecraft:splash_potion":1,"minecraft:chicken":2,"minecraft:ladder":10,"minecraft:flower_pot":2,"minecraft:rabbit_stew":1,"minecraft:diamond_sword":1,"minecraft:wooden_pickaxe":1,"minecraft:brewing_stand":4,"minecraft:shield":1,"minecraft:string":2,"minecraft:oak_trapdoor":1,"minecraft:red_bed":1,"minecraft:raw_copper":14,"minecraft:white_carpet":2,"minecraft:cracked_stone_bricks":2,"minecraft:diamond_leggings":1,"minecraft:cobbled_deepslate":882,"minecraft:spruce_planks":56,"minecraft:beef":6,"minecraft:iron_pickaxe":2,"minecraft:spruce_slab":2,"minecraft:lectern":25,"minecraft:sugar_cane":3,"minecraft:spruce_trapdoor":1,"minecraft:raw_iron":8,"minecraft:composter":3,"minecraft:spruce_stairs":2,"minecraft:spruce_fence":8,"minecraft:redstone":5,"minecraft:cauldron":6,"minecraft:diamond_chestplate":2,"minecraft:arrow":8,"minecraft:rotten_flesh":10,"minecraft:beetroot_seeds":4,"minecraft:diamond_boots":1,"minecraft:saddle":3,"minecraft:mutton":3,"minecraft:iron_bars":6,"minecraft:snowball":99,"minecraft:white_wool":3,"minecraft:cobblestone":260,"minecraft:birch_log":4,"minecraft:feather":1,"minecraft:andesite":6,"minecraft:leather":6,"minecraft:potato":2,"minecraft:smoker":2,"minecraft:flint":6,"minecraft:tuff":50,"minecraft:lapis_lazuli":12,"minecraft:dirt":163,"minecraft:blue_bed":8,"minecraft:leather_boots":1,"minecraft:stonecutter":2,"minecraft:wheat_seeds":2,"minecraft:raw_gold":30,"minecraft:iron_ingot":9,"minecraft:stone_pickaxe":1,"minecraft:diamond_helmet":1,"minecraft:mossy_stone_bricks":2,"minecraft:fletching_table":1,"minecraft:glass_bottle":2,"minecraft:book":36,"minecraft:dandelion":3,"minecraft:gravel":24,"minecraft:spruce_sapling":2,"minecraft:white_bed":5,"minecraft:spruce_log":29,"minecraft:spider_eye":1,"minecraft:leather_helmet":2,"minecraft:diamond_shovel":1,"minecraft:diamond":175,"minecraft:diamond_axe":1,"minecraft:granite":14,"minecraft:golden_apple":1,"minecraft:spruce_button":1,"minecraft:bread":11,"minecraft:light_gray_carpet":1,"minecraft:coal":30,"minecraft:diamond_pickaxe":2},"minecraft:custom":{"minecraft:mob_kills":23,"minecraft:interact_with_crafting_table":10,"minecraft:bell_ring":7,"minecraft:leave_game":8,"minecraft:time_since_death":4965,"minecraft:climb_one_cm":28,"minecraft:sprint_one_cm":238756,"minecraft:walk_one_cm":130970,"minecraft:damage_blocked_by_shield":93,"minecraft:drop":59,"minecraft:talked_to_villager":48,"minecraft:play_time":108179,"minecraft:deaths":9,"minecraft:sneak_time":1007,"minecraft:walk_under_water_one_cm":2098,"minecraft:jump":1465,"minecraft:interact_with_brewingstand":1,"minecraft:walk_on_water_one_cm":4128,"minecraft:total_world_time":108179,"minecraft:interact_with_furnace":2,"minecraft:traded_with_villager":5,"minecraft:sleep_in_bed":2,"minecraft:time_since_rest":4998,"minecraft:damage_taken":3148,"minecraft:damage_dealt":3987,"minecraft:swim_one_cm":2825,"minecraft:fly_one_cm":309150,"minecraft:open_chest":8,"minecraft:crouch_one_cm":729,"minecraft:fall_one_cm":44180},"minecraft:crafted":{"minecraft:rabbit_stew":1,"minecraft:spruce_button":1,"minecraft:furnace":1,"minecraft:diamond_shovel":1,"minecraft:diamond_helmet":1,"minecraft:diamond_leggings":1,"minecraft:stone_pickaxe":1,"minecraft:diamond_boots":1,"minecraft:diamond_sword":1,"minecraft:emerald":2,"minecraft:diamond_axe":1,"minecraft:crafting_table":5,"minecraft:spruce_planks":76,"minecraft:wooden_pickaxe":1,"minecraft:bread":12,"minecraft:air":0,"minecraft:spruce_trapdoor":2,"minecraft:diamond_pickaxe":1,"minecraft:shield":1,"minecraft:stick":80,"minecraft:iron_ingot":8,"minecraft:iron_pickaxe":1,"minecraft:diamond_chestplate":4},"minecraft:used":{"minecraft:shield":3,"minecraft:dirt":90,"minecraft:furnace":1,"minecraft:potato":17,"minecraft:cobbled_deepslate":141,"minecraft:stone_pickaxe":104,"minecraft:wooden_pickaxe":3,"minecraft:composter":3,"minecraft:blue_bed":8,"minecraft:fletching_table":1,"minecraft:diamond_axe":49,"minecraft:crafting_table":5,"minecraft:red_bed":1,"minecraft:white_bed":5,"minecraft:diamond_pickaxe":554,"minecraft:diamond_shovel":310,"minecraft:bread":8,"minecraft:iron_pickaxe":70,"minecraft:lectern":24,"minecraft:spruce_trapdoor":1,"minecraft:spruce_sapling":1,"minecraft:diamond_sword":48,"minecraft:cobblestone":39,"minecraft:andesite":6,"minecraft:birch_log":3},"minecraft:mined":{"minecraft:tuff":25,"minecraft:white_bed":6,"minecraft:deepslate_diamond_ore":89,"minecraft:potted_cactus":1,"minecraft:brewing_stand":2,"minecraft:ladder":5,"minecraft:granite":7,"minecraft:grass_block":35,"minecraft:spruce_fence":4,"minecraft:spruce_leaves":3,"minecraft:composter":3,"minecraft:oak_wall_sign":1,"minecraft:oak_trapdoor":1,"minecraft:iron_ore":8,"minecraft:cobbled_deepslate":15,"minecraft:snow":160,"minecraft:andesite":8,"minecraft:deepslate_lapis_ore":1,"minecraft:fletching_table":1,"minecraft:bookshelf":4,"minecraft:potatoes":3,"minecraft:dirt_path":7,"minecraft:water_cauldron":3,"minecraft:iron_bars":3,"minecraft:stone":111,"minecraft:spruce_slab":1,"minecraft:light_gray_carpet":1,"minecraft:red_bed":1,"minecraft:infested_stone_bricks":2,"minecraft:smoker":1,"minecraft:snow_block":1,"minecraft:dandelion":3,"minecraft:short_grass":14,"minecraft:lectern":24,"minecraft:cobblestone":13,"minecraft:copper_ore":2,"minecraft:tall_grass":17,"minecraft:deepslate_gold_ore":10,"minecraft:sugar_cane":1,"minecraft:blue_bed":8,"minecraft:spruce_stairs":2,"minecraft:birch_log":4,"minecraft:white_carpet":1,"minecraft:spruce_log":27,"minecraft:coal_ore":21,"minecraft:gravel":14,"minecraft:dirt":123,"minecraft:cracked_stone_bricks":2,"minecraft:stone_bricks":3,"minecraft:stonecutter":1,"minecraft:mossy_stone_bricks":1,"minecraft:deepslate":370}},"DataVersion":3953}