{"stats":{"minecraft:mined":{"minecraft:birch_log":4,"minecraft:spruce_log":14,"minecraft:dandelion":3,"minecraft:short_grass":9,"minecraft:grass_block":15,"minecraft:dirt":1,"minecraft:tall_grass":17,"minecraft:spruce_leaves":2,"minecraft:sugar_cane":1},"minecraft:custom":{"minecraft:time_since_rest":423,"minecraft:sprint_one_cm":66756,"minecraft:damage_taken":2185,"minecraft:walk_one_cm":24378,"minecraft:mob_kills":12,"minecraft:drop":23,"minecraft:damage_dealt":1809,"minecraft:fly_one_cm":154321,"minecraft:crouch_one_cm":51,"minecraft:play_time":32023,"minecraft:deaths":7,"minecraft:sneak_time":85,"minecraft:jump":499,"minecraft:leave_game":4,"minecraft:time_since_death":384,"minecraft:total_world_time":32023,"minecraft:fall_one_cm":21266},"minecraft:dropped":{"minecraft:dirt":2,"minecraft:wheat_seeds":2,"minecraft:mutton":3,"minecraft:chicken":2,"minecraft:feather":1,"minecraft:spruce_log":6,"minecraft:birch_log":1,"minecraft:white_wool":2,"minecraft:spruce_sapling":1,"minecraft:dandelion":3},"minecraft:used":{"minecraft:spruce_sapling":1,"minecraft:birch_log":3},"minecraft:killed_by":{"minecraft:creeper":1,"minecraft:zombie":3},"minecraft:picked_up":{"minecraft:birch_log":4,"minecraft:feather":1,"minecraft:chicken":2,"minecraft:dandelion":3,"minecraft:spruce_sapling":2,"minecraft:spruce_log":16,"minecraft:dirt":16,"minecraft:arrow":4,"minecraft:rotten_flesh":8,"minecraft:wheat_seeds":2,"minecraft:sugar_cane":3,"minecraft:mutton":3,"minecraft:white_wool":3},"minecraft:killed":{"minecraft:sheep":3,"minecraft:skeleton":1,"minecraft:wolf":1,"minecraft:zombie":5,"minecraft:chicken":2}},"DataVersion":3953}