{"stats":{"minecraft:mined":{"minecraft:dandelion":3,"minecraft:granite":7,"minecraft:short_grass":9,"minecraft:grass_block":15,"minecraft:lectern":1,"minecraft:tall_grass":17,"minecraft:copper_ore":2,"minecraft:spruce_leaves":3,"minecraft:sugar_cane":1,"minecraft:birch_log":4,"minecraft:iron_ore":8,"minecraft:spruce_log":27,"minecraft:andesite":8,"minecraft:bookshelf":4,"minecraft:coal_ore":20,"minecraft:dirt":1,"minecraft:stone":87},"minecraft:custom":{"minecraft:interact_with_furnace":2,"minecraft:mob_kills":12,"minecraft:traded_with_villager":1,"minecraft:interact_with_crafting_table":4,"minecraft:leave_game":4,"minecraft:time_since_death":12384,"minecraft:time_since_rest":12423,"minecraft:sprint_one_cm":108092,"minecraft:damage_taken":2255,"minecraft:walk_one_cm":38169,"minecraft:drop":23,"minecraft:damage_dealt":1813,"minecraft:talked_to_villager":12,"minecraft:fly_one_cm":199054,"minecraft:open_chest":3,"minecraft:crouch_one_cm":51,"minecraft:play_time":44023,"minecraft:deaths":7,"minecraft:sneak_time":90,"minecraft:jump":707,"minecraft:total_world_time":44023,"minecraft:fall_one_cm":26855},"minecraft:dropped":{"minecraft:wheat_seeds":2,"minecraft:chicken":2,"minecraft:feather":1,"minecraft:dirt":2,"minecraft:mutton":3,"minecraft:spruce_log":6,"minecraft:birch_log":1,"minecraft:white_wool":2,"minecraft:spruce_sapling":1,"minecraft:dandelion":3},"minecraft:used":{"minecraft:stone_pickaxe":104,"minecraft:wooden_pickaxe":3,"minecraft:crafting_table":2,"minecraft:iron_pickaxe":25,"minecraft:spruce_sapling":1,"minecraft:furnace":1,"minecraft:birch_log":3,"minecraft:potato":7},"minecraft:killed_by":{"minecraft:creeper":1,"minecraft:zombie":3},"minecraft:crafted":{"minecraft:rabbit_stew":1,"minecraft:crafting_table":2,"minecraft:spruce_planks":76,"minecraft:spruce_button":1,"minecraft:wooden_pickaxe":1,"minecraft:furnace":1,"minecraft:air":0,"minecraft:stick":8,"minecraft:iron_ingot":8,"minecraft:iron_pickaxe":1,"minecraft:stone_pickaxe":1},"minecraft:picked_up":{"minecraft:birch_log":4,"minecraft:feather":1,"minecraft:chicken":2,"minecraft:andesite":6,"minecraft:leather":2,"minecraft:dirt":16,"minecraft:raw_copper":7,"minecraft:wheat_seeds":2,"minecraft:beef":3,"minecraft:lectern":1,"minecraft:sugar_cane":3,"minecraft:book":12,"minecraft:raw_iron":8,"minecraft:dandelion":3,"minecraft:spruce_sapling":2,"minecraft:spruce_log":29,"minecraft:arrow":4,"minecraft:rotten_flesh":8,"minecraft:granite":7,"minecraft:mutton":3,"minecraft:coal":20,"minecraft:white_wool":3,"minecraft:cobblestone":87},"minecraft:killed":{"minecraft:wolf":1,"minecraft:sheep":3,"minecraft:skeleton":1,"minecraft:zombie":5,"minecraft:chicken":2}},"DataVersion":3953}