{"stats":{"minecraft:killed":{"minecraft:spider":5,"minecraft:skeleton":1,"minecraft:chicken":2,"minecraft:silverfish":4,"minecraft:wolf":1,"minecraft:zombie_villager":6,"minecraft:iron_golem":2,"minecraft:creeper":4,"minecraft:sheep":4,"minecraft:zombie":24,"minecraft:stray":2,"minecraft:bat":1,"minecraft:villager":12},"minecraft:dropped":{"minecraft:diamond_axe":2,"minecraft:lapis_lazuli":6,"minecraft:diamond":22,"minecraft:crafting_table":1,"minecraft:leather":2,"minecraft:cracked_stone_bricks":3,"minecraft:saddle":2,"minecraft:leather_helmet":2,"minecraft:red_carpet":1,"minecraft:flint":4,"minecraft:dirt":51,"minecraft:mutton":3,"minecraft:snowball":129,"minecraft:birch_log":1,"minecraft:white_wool":2,"minecraft:cauldron":12,"minecraft:bone":1,"minecraft:gravel":18,"minecraft:cobbled_deepslate":376,"minecraft:obsidian":2,"minecraft:rotten_flesh":19,"minecraft:diamond_shovel":1,"minecraft:light_gray_carpet":3,"minecraft:white_bed":2,"minecraft:carrot":11,"minecraft:poppy":8,"minecraft:gunpowder":4,"minecraft:beetroot_seeds":4,"minecraft:leather_boots":1,"minecraft:ladder":8,"minecraft:beef":3,"minecraft:splash_potion":1,"minecraft:bread":58,"minecraft:stripped_spruce_log":1,"minecraft:wheat_seeds":38,"minecraft:feather":1,"minecraft:cobblestone":146,"minecraft:granite":8,"minecraft:spruce_button":1,"minecraft:spruce_door":5,"minecraft:stick":24,"minecraft:diorite":9,"minecraft:brewing_stand":2,"minecraft:torch":12,"minecraft:stonecutter":1,"minecraft:cactus":1,"minecraft:spruce_sapling":5,"minecraft:dandelion":3,"minecraft:raw_copper":25,"minecraft:tuff":25,"minecraft:chicken":2,"minecraft:white_carpet":10,"minecraft:oak_sign":2,"minecraft:diamond_sword":4,"minecraft:potato":16,"minecraft:flower_pot":2,"minecraft:diamond_chestplate":3,"minecraft:spruce_planks":2,"minecraft:mossy_stone_bricks":4,"minecraft:spider_eye":1,"minecraft:stone_bricks":6,"minecraft:spruce_log":6,"minecraft:rabbit_stew":1,"minecraft:bow":2,"minecraft:stone_pickaxe":1,"minecraft:wooden_pickaxe":1},"minecraft:crafted":{"minecraft:oak_planks":12,"minecraft:diamond_shovel":1,"minecraft:bookshelf":2,"minecraft:diamond_leggings":1,"minecraft:diamond_helmet":1,"minecraft:bow":3,"minecraft:chest":2,"minecraft:emerald":94,"minecraft:diamond_axe":1,"minecraft:crafting_table":7,"minecraft:spruce_planks":1460,"minecraft:wooden_pickaxe":1,"minecraft:spruce_trapdoor":6,"minecraft:lectern":2,"minecraft:diamond_pickaxe":1,"minecraft:shield":1,"minecraft:stick":2752,"minecraft:iron_pickaxe":1,"minecraft:iron_ingot":72,"minecraft:iron_block":3,"minecraft:gold_ingot":10,"minecraft:rabbit_stew":1,"minecraft:spruce_button":1,"minecraft:furnace":1,"minecraft:diamond_block":3,"minecraft:oak_trapdoor":2,"minecraft:diamond":27,"minecraft:spruce_slab":12,"minecraft:stone_pickaxe":1,"minecraft:diamond_boots":1,"minecraft:wheat":184,"minecraft:diamond_sword":1,"minecraft:enchanted_book":1,"minecraft:bread":136,"minecraft:air":0,"minecraft:golden_apple":1,"minecraft:anvil":1,"minecraft:diamond_chestplate":4},"minecraft:used":{"minecraft:chest":3,"minecraft:shield":29,"minecraft:carrot":2,"minecraft:snowball":171,"minecraft:stone_bricks":1,"minecraft:bow":1,"minecraft:furnace":1,"minecraft:potato":51,"minecraft:stone_pickaxe":104,"minecraft:oak_planks":1,"minecraft:ender_pearl":1,"minecraft:wooden_pickaxe":3,"minecraft:composter":4,"minecraft:blue_bed":8,"minecraft:diamond_axe":710,"minecraft:golden_apple":1,"minecraft:blast_furnace":1,"minecraft:bread":62,"minecraft:lectern":231,"minecraft:gravel":6,"minecraft:diamond_sword":247,"minecraft:birch_log":3,"minecraft:andesite":6,"minecraft:oak_trapdoor":1,"minecraft:spruce_planks":4,"minecraft:dirt":429,"minecraft:anvil":1,"minecraft:cobbled_deepslate":141,"minecraft:cauldron":1,"minecraft:stonecutter":2,"minecraft:fletching_table":3,"minecraft:cracked_stone_bricks":1,"minecraft:crafting_table":8,"minecraft:red_bed":3,"minecraft:white_bed":15,"minecraft:diamond_pickaxe":1070,"minecraft:apple":6,"minecraft:diamond_shovel":846,"minecraft:iron_pickaxe":70,"minecraft:spruce_trapdoor":12,"minecraft:spruce_sapling":1,"minecraft:cobblestone":333,"minecraft:yellow_bed":8,"minecraft:splash_potion":3},"minecraft:custom":{"minecraft:interact_with_crafting_table":45,"minecraft:bell_ring":122,"minecraft:leave_game":16,"minecraft:time_since_death":114871,"minecraft:sprint_one_cm":779416,"minecraft:damage_blocked_by_shield":2991,"minecraft:drop":204,"minecraft:talked_to_villager":378,"minecraft:play_time":328777,"minecraft:deaths":16,"minecraft:jump":4689,"minecraft:interact_with_brewingstand":5,"minecraft:walk_on_water_one_cm":14122,"minecraft:interact_with_furnace":40,"minecraft:traded_with_villager":111,"minecraft:sleep_in_bed":17,"minecraft:damage_dealt":13776,"minecraft:player_kills":1,"minecraft:crouch_one_cm":3651,"minecraft:interact_with_anvil":4,"minecraft:mob_kills":69,"minecraft:climb_one_cm":12063,"minecraft:walk_one_cm":460575,"minecraft:sneak_time":4040,"minecraft:walk_under_water_one_cm":3511,"minecraft:interact_with_blast_furnace":3,"minecraft:total_world_time":328777,"minecraft:interact_with_stonecutter":1,"minecraft:time_since_rest":11060,"minecraft:damage_taken":7605,"minecraft:damage_absorbed":24,"minecraft:swim_one_cm":19058,"minecraft:fly_one_cm":1116062,"minecraft:open_chest":50,"minecraft:fall_one_cm":129412},"minecraft:picked_up":{"minecraft:wheat":14,"minecraft:flower_pot":4,"minecraft:diamond_sword":12,"minecraft:oak_stairs":1,"minecraft:brewing_stand":5,"minecraft:string":4,"minecraft:raw_copper":32,"minecraft:oak_sign":11,"minecraft:diamond_leggings":8,"minecraft:cobbled_deepslate":894,"minecraft:spruce_planks":72,"minecraft:iron_pickaxe":9,"minecraft:stick":207,"minecraft:composter":4,"minecraft:torch":28,"minecraft:spruce_stairs":2,"minecraft:diorite":9,"minecraft:cauldron":17,"minecraft:cactus":1,"minecraft:rotten_flesh":43,"minecraft:white_terracotta":1,"minecraft:obsidian":4,"minecraft:iron_bars":8,"minecraft:snowball":417,"minecraft:cobblestone":618,"minecraft:birch_log":4,"minecraft:feather":1,"minecraft:andesite":6,"minecraft:smoker":9,"minecraft:potato":52,"minecraft:flint":10,"minecraft:tuff":50,"minecraft:stripped_spruce_wood":139,"minecraft:lapis_lazuli":12,"minecraft:dirt":704,"minecraft:leather_boots":1,"minecraft:bone":5,"minecraft:bow":3,"minecraft:stonecutter":11,"minecraft:wheat_seeds":38,"minecraft:raw_gold":70,"minecraft:diamond_helmet":8,"minecraft:mossy_stone_bricks":15,"minecraft:fletching_table":4,"minecraft:oak_planks":1,"minecraft:stripped_spruce_log":90,"minecraft:ink_sac":1,"minecraft:mossy_cobblestone":1,"minecraft:diamond":399,"minecraft:granite":15,"minecraft:golden_apple":12,"minecraft:spruce_button":1,"minecraft:emerald":113,"minecraft:bread":184,"minecraft:light_gray_carpet":7,"minecraft:diamond_pickaxe":9,"minecraft:crafting_table":6,"minecraft:splash_potion":13,"minecraft:chicken":2,"minecraft:ladder":13,"minecraft:rabbit_stew":1,"minecraft:wooden_pickaxe":1,"minecraft:shield":8,"minecraft:oak_trapdoor":2,"minecraft:red_bed":3,"minecraft:white_carpet":41,"minecraft:cracked_stone_bricks":10,"minecraft:beef":6,"minecraft:poppy":10,"minecraft:spruce_slab":2,"minecraft:lectern":235,"minecraft:sugar_cane":6,"minecraft:chest":1,"minecraft:spruce_trapdoor":11,"minecraft:raw_iron":71,"minecraft:oak_door":3,"minecraft:spruce_fence":8,"minecraft:carrot":17,"minecraft:redstone":5,"minecraft:arrow":16,"minecraft:diamond_chestplate":9,"minecraft:beetroot_seeds":4,"minecraft:diamond_boots":8,"minecraft:hay_block":48,"minecraft:saddle":3,"minecraft:mutton":3,"minecraft:white_wool":3,"minecraft:leather":14,"minecraft:oak_log":3,"minecraft:yellow_bed":8,"minecraft:gunpowder":4,"minecraft:blue_bed":14,"minecraft:red_carpet":2,"minecraft:apple":21,"minecraft:stone_bricks":32,"minecraft:iron_ingot":60,"minecraft:stone_pickaxe":1,"minecraft:glass_bottle":2,"minecraft:book":120,"minecraft:dandelion":3,"minecraft:gravel":48,"minecraft:spruce_sapling":10,"minecraft:blast_furnace":1,"minecraft:spruce_log":148,"minecraft:white_bed":18,"minecraft:spider_eye":2,"minecraft:spruce_door":9,"minecraft:leather_helmet":2,"minecraft:diamond_shovel":9,"minecraft:diamond_axe":10,"minecraft:coal":54,"minecraft:ender_pearl":1},"minecraft:killed_by":{"minecraft:zombie_villager":1,"minecraft:creeper":1,"minecraft:zombie":6,"minecraft:enderman":1},"minecraft:mined":{"minecraft:spruce_planks":11,"minecraft:white_bed":19,"minecraft:farmland":1,"minecraft:potted_cactus":2,"minecraft:brewing_stand":3,"minecraft:spruce_trapdoor":6,"minecraft:granite":8,"minecraft:grass_block":106,"minecraft:composter":4,"minecraft:oak_wall_sign":3,"minecraft:iron_ore":73,"minecraft:cobbled_deepslate":26,"minecraft:fletching_table":3,"minecraft:deepslate_lapis_ore":1,"minecraft:dirt_path":17,"minecraft:water_cauldron":8,"minecraft:iron_bars":6,"minecraft:oak_stairs":1,"minecraft:spruce_slab":1,"minecraft:red_bed":3,"minecraft:smoker":1,"minecraft:torch":1,"minecraft:blast_furnace":1,"minecraft:chest":1,"minecraft:cobblestone":73,"minecraft:sugar_cane":2,"minecraft:oak_planks":1,"minecraft:white_terracotta":2,"minecraft:birch_log":4,"minecraft:wheat":7,"minecraft:oak_log":3,"minecraft:dirt":374,"minecraft:stonecutter":3,"minecraft:oak_leaves":9,"minecraft:deepslate":370,"minecraft:red_carpet":2,"minecraft:tuff":25,"minecraft:mossy_cobblestone":1,"minecraft:deepslate_diamond_ore":89,"minecraft:oak_door":3,"minecraft:ladder":5,"minecraft:spruce_fence":4,"minecraft:spruce_leaves":13,"minecraft:large_fern":3,"minecraft:hay_block":46,"minecraft:oak_trapdoor":2,"minecraft:carrots":3,"minecraft:snow":260,"minecraft:andesite":8,"minecraft:stripped_spruce_log":93,"minecraft:bookshelf":4,"minecraft:potatoes":19,"minecraft:packed_ice":1,"minecraft:stone":393,"minecraft:light_gray_carpet":2,"minecraft:glass_pane":4,"minecraft:infested_stone_bricks":4,"minecraft:snow_block":45,"minecraft:dandelion":3,"minecraft:crafting_table":1,"minecraft:short_grass":34,"minecraft:lectern":230,"minecraft:tall_grass":17,"minecraft:copper_ore":7,"minecraft:deepslate_gold_ore":10,"minecraft:diorite":9,"minecraft:blue_bed":14,"minecraft:spruce_stairs":4,"minecraft:stripped_spruce_wood":142,"minecraft:white_carpet":5,"minecraft:spruce_log":152,"minecraft:yellow_bed":8,"minecraft:coal_ore":45,"minecraft:gravel":25,"minecraft:cracked_stone_bricks":5,"minecraft:stone_bricks":19,"minecraft:mossy_stone_bricks":4,"minecraft:fern":1}},"DataVersion":3953}