{"stats":{"minecraft:killed_by":{"minecraft:zombie_villager":1,"minecraft:creeper":1,"minecraft:zombie":10,"minecraft:enderman":1,"minecraft:iron_golem":2,"minecraft:skeleton":1},"minecraft:broken":{"minecraft:shield":1,"minecraft:golden_axe":2},"minecraft:killed":{"minecraft:spider":7,"minecraft:skeleton":5,"minecraft:chicken":3,"minecraft:silverfish":4,"minecraft:wolf":1,"minecraft:pig":3,"minecraft:zombie_villager":6,"minecraft:iron_golem":2,"minecraft:creeper":4,"minecraft:sheep":17,"minecraft:zombie":34,"minecraft:stray":2,"minecraft:cow":14,"minecraft:bat":1,"minecraft:villager":12},"minecraft:dropped":{"minecraft:diamond_axe":2,"minecraft:lapis_lazuli":6,"minecraft:diamond":22,"minecraft:crafting_table":1,"minecraft:leather":2,"minecraft:cracked_stone_bricks":3,"minecraft:saddle":2,"minecraft:leather_helmet":2,"minecraft:red_carpet":1,"minecraft:flint":4,"minecraft:dirt":56,"minecraft:mutton":3,"minecraft:snowball":129,"minecraft:sand":2,"minecraft:birch_log":1,"minecraft:white_wool":2,"minecraft:cauldron":12,"minecraft:bone":1,"minecraft:oak_door":3,"minecraft:gravel":18,"minecraft:cobbled_deepslate":376,"minecraft:obsidian":2,"minecraft:rotten_flesh":19,"minecraft:diamond_shovel":1,"minecraft:light_gray_carpet":3,"minecraft:white_bed":2,"minecraft:carrot":11,"minecraft:poppy":8,"minecraft:gunpowder":4,"minecraft:beetroot_seeds":4,"minecraft:leather_boots":1,"minecraft:ladder":8,"minecraft:beef":3,"minecraft:splash_potion":1,"minecraft:bread":58,"minecraft:stripped_spruce_log":1,"minecraft:wheat_seeds":38,"minecraft:feather":1,"minecraft:cobblestone":153,"minecraft:granite":8,"minecraft:spruce_button":1,"minecraft:spruce_door":5,"minecraft:stick":24,"minecraft:diamond_horse_armor":1,"minecraft:diorite":9,"minecraft:brewing_stand":2,"minecraft:ink_sac":1,"minecraft:torch":12,"minecraft:oak_stairs":1,"minecraft:stonecutter":1,"minecraft:cactus":1,"minecraft:spruce_sapling":5,"minecraft:dandelion":3,"minecraft:raw_copper":25,"minecraft:tuff":25,"minecraft:chicken":2,"minecraft:white_carpet":10,"minecraft:white_terracotta":1,"minecraft:oak_sign":2,"minecraft:diamond_sword":4,"minecraft:potato":16,"minecraft:flower_pot":2,"minecraft:diamond_chestplate":3,"minecraft:spruce_planks":2,"minecraft:diamond_pickaxe":1,"minecraft:mossy_stone_bricks":4,"minecraft:stone_bricks":6,"minecraft:spider_eye":1,"minecraft:spruce_log":6,"minecraft:rabbit_stew":1,"minecraft:bow":2,"minecraft:stone_pickaxe":1,"minecraft:wooden_pickaxe":1},"minecraft:picked_up":{"minecraft:wheat":14,"minecraft:flower_pot":4,"minecraft:smithing_table":3,"minecraft:diamond_sword":15,"minecraft:oak_stairs":1,"minecraft:enchanted_book":4,"minecraft:brewing_stand":5,"minecraft:string":4,"minecraft:raw_copper":32,"minecraft:oak_sign":11,"minecraft:diamond_leggings":10,"minecraft:cobbled_deepslate":894,"minecraft:spruce_planks":72,"minecraft:iron_pickaxe":9,"minecraft:enchanted_golden_apple":4,"minecraft:stick":207,"minecraft:composter":4,"minecraft:torch":28,"minecraft:spruce_stairs":2,"minecraft:porkchop":6,"minecraft:golden_axe":2,"minecraft:pointed_dripstone":1,"minecraft:diorite":21,"minecraft:cauldron":17,"minecraft:cactus":1,"minecraft:rotten_flesh":48,"minecraft:white_terracotta":1,"minecraft:obsidian":4,"minecraft:iron_bars":8,"minecraft:snowball":418,"minecraft:cobblestone":890,"minecraft:birch_log":4,"minecraft:feather":3,"minecraft:andesite":8,"minecraft:smoker":9,"minecraft:potato":68,"minecraft:flint":10,"minecraft:tuff":50,"minecraft:stripped_spruce_wood":139,"minecraft:lapis_lazuli":12,"minecraft:dirt":780,"minecraft:name_tag":9,"minecraft:leather_boots":1,"minecraft:bone":5,"minecraft:bow":7,"minecraft:stonecutter":11,"minecraft:wheat_seeds":42,"minecraft:raw_gold":70,"minecraft:grindstone":3,"minecraft:diamond_helmet":10,"minecraft:fletching_table":4,"minecraft:mossy_stone_bricks":15,"minecraft:oak_planks":7,"minecraft:sand":12,"minecraft:stripped_spruce_log":90,"minecraft:ink_sac":2,"minecraft:jungle_slab":1,"minecraft:mossy_cobblestone":1,"minecraft:diamond":405,"minecraft:granite":15,"minecraft:golden_apple":14,"minecraft:bread":365,"minecraft:spruce_button":1,"minecraft:emerald":137,"minecraft:light_gray_carpet":7,"minecraft:diamond_pickaxe":13,"minecraft:fishing_rod":1,"minecraft:crafting_table":6,"minecraft:splash_potion":16,"minecraft:chicken":3,"minecraft:ladder":13,"minecraft:rabbit_stew":1,"minecraft:wooden_pickaxe":1,"minecraft:gold_block":2,"minecraft:diamond_horse_armor":2,"minecraft:shield":8,"minecraft:oak_trapdoor":2,"minecraft:red_bed":3,"minecraft:white_carpet":41,"minecraft:cracked_stone_bricks":10,"minecraft:beef":36,"minecraft:iron_nugget":46,"minecraft:poppy":10,"minecraft:light_gray_wool":1,"minecraft:spruce_slab":18,"minecraft:lectern":238,"minecraft:sugar_cane":14,"minecraft:chest":1,"minecraft:spruce_trapdoor":11,"minecraft:raw_iron":71,"minecraft:oak_door":6,"minecraft:spruce_fence":8,"minecraft:carrot":17,"minecraft:redstone":5,"minecraft:arrow":22,"minecraft:diamond_chestplate":11,"minecraft:beetroot_seeds":4,"minecraft:diamond_boots":13,"minecraft:hay_block":120,"minecraft:saddle":3,"minecraft:gold_ingot":40,"minecraft:mutton":22,"minecraft:white_wool":14,"minecraft:leather":23,"minecraft:filled_map":4,"minecraft:oak_log":5,"minecraft:yellow_bed":8,"minecraft:gunpowder":4,"minecraft:blue_bed":17,"minecraft:paper":72,"minecraft:red_carpet":2,"minecraft:apple":55,"minecraft:stone_bricks":32,"minecraft:iron_ingot":135,"minecraft:heart_of_the_sea":3,"minecraft:stone_pickaxe":1,"minecraft:glass_bottle":2,"minecraft:book":138,"minecraft:dandelion":3,"minecraft:dripstone_block":1,"minecraft:gravel":48,"minecraft:spruce_sapling":10,"minecraft:blast_furnace":1,"minecraft:spruce_log":148,"minecraft:white_bed":18,"minecraft:spruce_door":9,"minecraft:spider_eye":2,"minecraft:leather_helmet":2,"minecraft:diamond_shovel":12,"minecraft:diamond_axe":13,"minecraft:black_wool":1,"minecraft:coal":89,"minecraft:ender_pearl":1},"minecraft:mined":{"minecraft:spruce_planks":11,"minecraft:white_bed":19,"minecraft:farmland":1,"minecraft:jungle_slab":1,"minecraft:potted_cactus":2,"minecraft:brewing_stand":3,"minecraft:spruce_trapdoor":6,"minecraft:granite":26,"minecraft:grass_block":109,"minecraft:composter":4,"minecraft:oak_wall_sign":3,"minecraft:spawner":2,"minecraft:iron_ore":74,"minecraft:cobbled_deepslate":26,"minecraft:fletching_table":3,"minecraft:deepslate_lapis_ore":1,"minecraft:pointed_dripstone":3,"minecraft:water_cauldron":8,"minecraft:dirt_path":17,"minecraft:iron_bars":6,"minecraft:oak_stairs":1,"minecraft:spruce_slab":1,"minecraft:red_bed":3,"minecraft:smoker":1,"minecraft:torch":1,"minecraft:blast_furnace":1,"minecraft:chest":1,"minecraft:cobblestone":92,"minecraft:grindstone":1,"minecraft:sugar_cane":5,"minecraft:oak_planks":1,"minecraft:white_terracotta":2,"minecraft:birch_log":4,"minecraft:wheat":7,"minecraft:oak_log":7,"minecraft:sand":7,"minecraft:dirt":390,"minecraft:stonecutter":3,"minecraft:oak_leaves":9,"minecraft:deepslate":370,"minecraft:tuff":25,"minecraft:red_carpet":2,"minecraft:mossy_cobblestone":1,"minecraft:deepslate_diamond_ore":89,"minecraft:oak_door":3,"minecraft:ladder":5,"minecraft:spruce_fence":4,"minecraft:spruce_leaves":13,"minecraft:large_fern":3,"minecraft:hay_block":46,"minecraft:oak_trapdoor":2,"minecraft:carrots":3,"minecraft:snow":261,"minecraft:andesite":14,"minecraft:stripped_spruce_log":93,"minecraft:gold_block":1,"minecraft:bookshelf":4,"minecraft:potatoes":19,"minecraft:vine":1,"minecraft:packed_ice":1,"minecraft:stone":495,"minecraft:smithing_table":1,"minecraft:light_gray_carpet":2,"minecraft:glass_pane":4,"minecraft:infested_stone_bricks":4,"minecraft:snow_block":45,"minecraft:dandelion":3,"minecraft:crafting_table":1,"minecraft:short_grass":47,"minecraft:lectern":230,"minecraft:tall_grass":24,"minecraft:copper_ore":9,"minecraft:deepslate_gold_ore":10,"minecraft:diorite":13,"minecraft:blue_bed":14,"minecraft:spruce_stairs":4,"minecraft:stripped_spruce_wood":142,"minecraft:white_carpet":5,"minecraft:spruce_log":152,"minecraft:yellow_bed":8,"minecraft:coal_ore":48,"minecraft:gravel":25,"minecraft:dripstone_block":3,"minecraft:cracked_stone_bricks":5,"minecraft:stone_bricks":19,"minecraft:mossy_stone_bricks":4,"minecraft:fern":1},"minecraft:custom":{"minecraft:interact_with_crafting_table":45,"minecraft:bell_ring":122,"minecraft:leave_game":20,"minecraft:time_since_death":7366,"minecraft:sprint_one_cm":860391,"minecraft:damage_blocked_by_shield":3111,"minecraft:drop":219,"minecraft:talked_to_villager":382,"minecraft:play_time":377561,"minecraft:deaths":24,"minecraft:jump":5134,"minecraft:interact_with_brewingstand":5,"minecraft:walk_on_water_one_cm":25309,"minecraft:interact_with_furnace":40,"minecraft:traded_with_villager":111,"minecraft:sleep_in_bed":19,"minecraft:damage_dealt":20031,"minecraft:player_kills":1,"minecraft:crouch_one_cm":3815,"minecraft:mob_kills":116,"minecraft:interact_with_anvil":4,"minecraft:climb_one_cm":12419,"minecraft:walk_one_cm":495548,"minecraft:sneak_time":4608,"minecraft:walk_under_water_one_cm":63028,"minecraft:interact_with_blast_furnace":3,"minecraft:total_world_time":377561,"minecraft:interact_with_stonecutter":1,"minecraft:time_since_rest":7400,"minecraft:damage_absorbed":24,"minecraft:damage_taken":10706,"minecraft:swim_one_cm":46949,"minecraft:fly_one_cm":2890496,"minecraft:open_chest":117,"minecraft:fall_one_cm":146336},"minecraft:used":{"minecraft:chest":3,"minecraft:shield":31,"minecraft:carrot":2,"minecraft:snowball":171,"minecraft:stone_bricks":1,"minecraft:bow":1,"minecraft:furnace":1,"minecraft:potato":51,"minecraft:stone_pickaxe":104,"minecraft:oak_planks":1,"minecraft:ender_pearl":1,"minecraft:wooden_pickaxe":3,"minecraft:composter":4,"minecraft:blue_bed":8,"minecraft:diamond_axe":714,"minecraft:sugar_cane":8,"minecraft:golden_apple":1,"minecraft:blast_furnace":1,"minecraft:bread":72,"minecraft:lectern":231,"minecraft:gravel":6,"minecraft:diamond_sword":310,"minecraft:birch_log":3,"minecraft:andesite":6,"minecraft:oak_trapdoor":1,"minecraft:spruce_planks":4,"minecraft:dirt":429,"minecraft:anvil":1,"minecraft:cobbled_deepslate":141,"minecraft:golden_axe":38,"minecraft:cauldron":1,"minecraft:fletching_table":3,"minecraft:stonecutter":2,"minecraft:cracked_stone_bricks":1,"minecraft:crafting_table":8,"minecraft:red_bed":3,"minecraft:white_bed":15,"minecraft:diamond_pickaxe":1237,"minecraft:apple":9,"minecraft:diamond_shovel":871,"minecraft:iron_pickaxe":70,"minecraft:spruce_trapdoor":12,"minecraft:spruce_sapling":1,"minecraft:cobblestone":342,"minecraft:yellow_bed":8,"minecraft:splash_potion":3},"minecraft:crafted":{"minecraft:oak_planks":12,"minecraft:diamond_shovel":1,"minecraft:bookshelf":2,"minecraft:diamond_leggings":1,"minecraft:diamond_helmet":1,"minecraft:bow":3,"minecraft:chest":2,"minecraft:emerald":94,"minecraft:diamond_axe":1,"minecraft:crafting_table":7,"minecraft:spruce_planks":1460,"minecraft:wooden_pickaxe":1,"minecraft:spruce_trapdoor":6,"minecraft:lectern":2,"minecraft:diamond_pickaxe":1,"minecraft:shield":1,"minecraft:stick":2752,"minecraft:iron_ingot":72,"minecraft:iron_pickaxe":1,"minecraft:iron_block":3,"minecraft:gold_ingot":10,"minecraft:rabbit_stew":1,"minecraft:spruce_button":1,"minecraft:furnace":1,"minecraft:oak_trapdoor":2,"minecraft:diamond_block":3,"minecraft:diamond":27,"minecraft:spruce_slab":12,"minecraft:stone_pickaxe":1,"minecraft:diamond_boots":1,"minecraft:wheat":184,"minecraft:diamond_sword":1,"minecraft:enchanted_book":1,"minecraft:bread":136,"minecraft:air":0,"minecraft:golden_apple":1,"minecraft:anvil":1,"minecraft:diamond_chestplate":4}},"DataVersion":3953}