{"stats":{"minecraft:mined":{"minecraft:birch_log":4,"minecraft:spruce_log":7,"minecraft:dandelion":3,"minecraft:short_grass":9,"minecraft:grass_block":2,"minecraft:tall_grass":17,"minecraft:spruce_leaves":1},"minecraft:custom":{"minecraft:time_since_rest":13876,"minecraft:sprint_one_cm":51731,"minecraft:damage_taken":373,"minecraft:walk_one_cm":13685,"minecraft:mob_kills":7,"minecraft:drop":23,"minecraft:damage_dealt":910,"minecraft:fly_one_cm":54879,"minecraft:crouch_one_cm":46,"minecraft:play_time":26069,"minecraft:deaths":1,"minecraft:sneak_time":23,"minecraft:jump":336,"minecraft:leave_game":4,"minecraft:time_since_death":13839,"minecraft:total_world_time":26069,"minecraft:fall_one_cm":7262},"minecraft:dropped":{"minecraft:dirt":2,"minecraft:wheat_seeds":2,"minecraft:mutton":3,"minecraft:chicken":2,"minecraft:feather":1,"minecraft:spruce_log":6,"minecraft:birch_log":1,"minecraft:white_wool":2,"minecraft:spruce_sapling":1,"minecraft:dandelion":3},"minecraft:used":{"minecraft:spruce_sapling":1,"minecraft:birch_log":3},"minecraft:killed_by":{"minecraft:zombie":1},"minecraft:picked_up":{"minecraft:birch_log":4,"minecraft:feather":1,"minecraft:chicken":2,"minecraft:dandelion":3,"minecraft:spruce_sapling":2,"minecraft:spruce_log":7,"minecraft:dirt":2,"minecraft:arrow":4,"minecraft:wheat_seeds":2,"minecraft:mutton":3,"minecraft:white_wool":2},"minecraft:killed":{"minecraft:sheep":2,"minecraft:skeleton":1,"minecraft:wolf":1,"minecraft:zombie":1,"minecraft:chicken":2}},"DataVersion":3953}