{"stats":{"minecraft:mined":{"minecraft:birch_log":4,"minecraft:spruce_log":7,"minecraft:dandelion":3,"minecraft:short_grass":9,"minecraft:grass_block":2,"minecraft:tall_grass":17,"minecraft:spruce_leaves":1},"minecraft:custom":{"minecraft:time_since_rest":5882,"minecraft:sprint_one_cm":46660,"minecraft:damage_taken":243,"minecraft:walk_one_cm":11402,"minecraft:mob_kills":6,"minecraft:drop":22,"minecraft:damage_dealt":860,"minecraft:fly_one_cm":45676,"minecraft:crouch_one_cm":46,"minecraft:play_time":18075,"minecraft:deaths":1,"minecraft:sneak_time":23,"minecraft:jump":278,"minecraft:leave_game":3,"minecraft:time_since_death":5845,"minecraft:total_world_time":18075,"minecraft:fall_one_cm":4571},"minecraft:dropped":{"minecraft:dirt":1,"minecraft:wheat_seeds":2,"minecraft:mutton":3,"minecraft:chicken":2,"minecraft:feather":1,"minecraft:spruce_log":6,"minecraft:birch_log":1,"minecraft:white_wool":2,"minecraft:spruce_sapling":1,"minecraft:dandelion":3},"minecraft:used":{"minecraft:spruce_sapling":1,"minecraft:birch_log":3},"minecraft:killed_by":{"minecraft:zombie":1},"minecraft:picked_up":{"minecraft:birch_log":4,"minecraft:feather":1,"minecraft:chicken":2,"minecraft:dandelion":3,"minecraft:spruce_sapling":2,"minecraft:spruce_log":7,"minecraft:dirt":2,"minecraft:arrow":2,"minecraft:wheat_seeds":2,"minecraft:mutton":3,"minecraft:white_wool":2},"minecraft:killed":{"minecraft:sheep":2,"minecraft:skeleton":1,"minecraft:zombie":1,"minecraft:chicken":2}},"DataVersion":3953}