{"stats":{"minecraft:mined":{"minecraft:tuff":25,"minecraft:white_bed":4,"minecraft:deepslate_diamond_ore":89,"minecraft:dandelion":3,"minecraft:brewing_stand":1,"minecraft:granite":7,"minecraft:short_grass":9,"minecraft:grass_block":16,"minecraft:lectern":1,"minecraft:tall_grass":17,"minecraft:copper_ore":2,"minecraft:cobblestone":13,"minecraft:spruce_leaves":3,"minecraft:deepslate_gold_ore":10,"minecraft:composter":3,"minecraft:sugar_cane":1,"minecraft:blue_bed":2,"minecraft:birch_log":4,"minecraft:iron_ore":8,"minecraft:spruce_log":27,"minecraft:andesite":8,"minecraft:fletching_table":1,"minecraft:deepslate_lapis_ore":1,"minecraft:water_cauldron":2,"minecraft:potatoes":3,"minecraft:bookshelf":4,"minecraft:coal_ore":20,"minecraft:gravel":14,"minecraft:dirt":1,"minecraft:stonecutter":1,"minecraft:stone":104,"minecraft:deepslate":370},"minecraft:custom":{"minecraft:interact_with_furnace":2,"minecraft:mob_kills":13,"minecraft:traded_with_villager":1,"minecraft:interact_with_crafting_table":8,"minecraft:bell_ring":5,"minecraft:leave_game":4,"minecraft:time_since_death":6371,"minecraft:time_since_rest":6408,"minecraft:sprint_one_cm":155943,"minecraft:damage_taken":2511,"minecraft:walk_one_cm":69088,"minecraft:drop":52,"minecraft:damage_dealt":2011,"minecraft:swim_one_cm":2825,"minecraft:talked_to_villager":13,"minecraft:fly_one_cm":237538,"minecraft:open_chest":3,"minecraft:crouch_one_cm":85,"minecraft:play_time":68023,"minecraft:deaths":8,"minecraft:sneak_time":533,"minecraft:walk_under_water_one_cm":2098,"minecraft:jump":1006,"minecraft:walk_on_water_one_cm":4128,"minecraft:total_world_time":68023,"minecraft:fall_one_cm":33381},"minecraft:dropped":{"minecraft:gravel":12,"minecraft:bread":4,"minecraft:wheat_seeds":2,"minecraft:lapis_lazuli":6,"minecraft:cobbled_deepslate":369,"minecraft:raw_copper":7,"minecraft:tuff":25,"minecraft:rotten_flesh":2,"minecraft:chicken":2,"minecraft:feather":1,"minecraft:cobblestone":131,"minecraft:granite":7,"minecraft:spruce_button":1,"minecraft:leather_helmet":2,"minecraft:stick":3,"minecraft:dirt":2,"minecraft:diamond_chestplate":3,"minecraft:mutton":3,"minecraft:beetroot_seeds":4,"minecraft:leather_boots":1,"minecraft:rabbit_stew":1,"minecraft:spruce_log":6,"minecraft:beef":3,"minecraft:stone_pickaxe":1,"minecraft:wooden_pickaxe":1,"minecraft:birch_log":1,"minecraft:white_wool":2,"minecraft:spruce_sapling":1,"minecraft:dandelion":3},"minecraft:used":{"minecraft:stone_pickaxe":104,"minecraft:wooden_pickaxe":3,"minecraft:blue_bed":2,"minecraft:diamond_axe":7,"minecraft:crafting_table":4,"minecraft:white_bed":3,"minecraft:diamond_pickaxe":516,"minecraft:iron_pickaxe":70,"minecraft:spruce_sapling":1,"minecraft:diamond_sword":8,"minecraft:cobblestone":39,"minecraft:furnace":1,"minecraft:andesite":6,"minecraft:birch_log":3,"minecraft:potato":7,"minecraft:cobbled_deepslate":75},"minecraft:killed_by":{"minecraft:creeper":1,"minecraft:zombie":3},"minecraft:crafted":{"minecraft:rabbit_stew":1,"minecraft:diamond_sword":1,"minecraft:diamond_axe":1,"minecraft:crafting_table":4,"minecraft:spruce_planks":76,"minecraft:spruce_button":1,"minecraft:wooden_pickaxe":1,"minecraft:furnace":1,"minecraft:diamond_shovel":1,"minecraft:air":0,"minecraft:diamond_helmet":1,"minecraft:diamond_leggings":1,"minecraft:diamond_pickaxe":1,"minecraft:shield":1,"minecraft:stick":16,"minecraft:iron_ingot":8,"minecraft:iron_pickaxe":1,"minecraft:stone_pickaxe":1,"minecraft:diamond_boots":1,"minecraft:diamond_chestplate":4},"minecraft:picked_up":{"minecraft:birch_log":4,"minecraft:feather":1,"minecraft:chicken":2,"minecraft:rabbit_stew":1,"minecraft:andesite":6,"minecraft:leather":4,"minecraft:wooden_pickaxe":1,"minecraft:potato":2,"minecraft:flint":4,"minecraft:tuff":50,"minecraft:brewing_stand":1,"minecraft:lapis_lazuli":12,"minecraft:blue_bed":2,"minecraft:dirt":17,"minecraft:raw_copper":14,"minecraft:leather_boots":1,"minecraft:stonecutter":1,"minecraft:wheat_seeds":2,"minecraft:cobbled_deepslate":866,"minecraft:raw_gold":20,"minecraft:iron_ingot":5,"minecraft:spruce_planks":56,"minecraft:stone_pickaxe":1,"minecraft:beef":6,"minecraft:fletching_table":1,"minecraft:iron_pickaxe":1,"minecraft:lectern":2,"minecraft:sugar_cane":3,"minecraft:book":24,"minecraft:raw_iron":8,"minecraft:composter":3,"minecraft:dandelion":3,"minecraft:gravel":24,"minecraft:cauldron":2,"minecraft:spruce_sapling":2,"minecraft:white_bed":3,"minecraft:spruce_log":29,"minecraft:leather_helmet":2,"minecraft:diamond_chestplate":1,"minecraft:arrow":4,"minecraft:rotten_flesh":10,"minecraft:diamond":143,"minecraft:beetroot_seeds":4,"minecraft:granite":14,"minecraft:spruce_button":1,"minecraft:saddle":1,"minecraft:bread":4,"minecraft:mutton":3,"minecraft:coal":20,"minecraft:white_wool":3,"minecraft:cobblestone":248,"minecraft:diamond_pickaxe":1},"minecraft:killed":{"minecraft:wolf":1,"minecraft:sheep":3,"minecraft:skeleton":1,"minecraft:zombie":6,"minecraft:chicken":2}},"DataVersion":3953}