{"stats":{"minecraft:killed_by":{"minecraft:zombie_villager":1,"minecraft:creeper":1,"minecraft:enderman":1,"minecraft:zombie":6},"minecraft:used":{"minecraft:shield":23,"minecraft:dirt":425,"minecraft:anvil":1,"minecraft:snowball":158,"minecraft:stone_bricks":1,"minecraft:bow":1,"minecraft:furnace":1,"minecraft:potato":21,"minecraft:cobbled_deepslate":141,"minecraft:stone_pickaxe":104,"minecraft:wooden_pickaxe":3,"minecraft:composter":3,"minecraft:fletching_table":3,"minecraft:blue_bed":8,"minecraft:diamond_axe":651,"minecraft:cracked_stone_bricks":1,"minecraft:crafting_table":7,"minecraft:red_bed":2,"minecraft:white_bed":6,"minecraft:diamond_pickaxe":833,"minecraft:diamond_shovel":753,"minecraft:bread":48,"minecraft:iron_pickaxe":70,"minecraft:lectern":230,"minecraft:spruce_trapdoor":8,"minecraft:spruce_sapling":1,"minecraft:gravel":6,"minecraft:diamond_sword":177,"minecraft:cobblestone":109,"minecraft:andesite":6,"minecraft:birch_log":3,"minecraft:splash_potion":3},"minecraft:mined":{"minecraft:tuff":25,"minecraft:red_carpet":2,"minecraft:spruce_planks":6,"minecraft:farmland":1,"minecraft:white_bed":7,"minecraft:deepslate_diamond_ore":89,"minecraft:potted_cactus":2,"minecraft:brewing_stand":3,"minecraft:spruce_trapdoor":4,"minecraft:ladder":5,"minecraft:granite":8,"minecraft:grass_block":92,"minecraft:spruce_fence":4,"minecraft:spruce_leaves":12,"minecraft:composter":3,"minecraft:oak_wall_sign":3,"minecraft:oak_trapdoor":2,"minecraft:carrots":3,"minecraft:iron_ore":73,"minecraft:cobbled_deepslate":20,"minecraft:snow":224,"minecraft:andesite":8,"minecraft:stripped_spruce_log":93,"minecraft:deepslate_lapis_ore":1,"minecraft:fletching_table":3,"minecraft:bookshelf":4,"minecraft:potatoes":19,"minecraft:water_cauldron":4,"minecraft:dirt_path":11,"minecraft:iron_bars":6,"minecraft:packed_ice":1,"minecraft:stone":246,"minecraft:spruce_slab":1,"minecraft:light_gray_carpet":2,"minecraft:glass_pane":2,"minecraft:red_bed":2,"minecraft:infested_stone_bricks":4,"minecraft:snow_block":45,"minecraft:smoker":1,"minecraft:dandelion":3,"minecraft:crafting_table":1,"minecraft:torch":1,"minecraft:short_grass":18,"minecraft:lectern":230,"minecraft:copper_ore":7,"minecraft:tall_grass":17,"minecraft:cobblestone":16,"minecraft:deepslate_gold_ore":10,"minecraft:sugar_cane":2,"minecraft:diorite":9,"minecraft:blue_bed":8,"minecraft:spruce_stairs":4,"minecraft:stripped_spruce_wood":142,"minecraft:birch_log":4,"minecraft:wheat":7,"minecraft:white_carpet":5,"minecraft:spruce_log":152,"minecraft:coal_ore":45,"minecraft:gravel":19,"minecraft:dirt":370,"minecraft:cracked_stone_bricks":5,"minecraft:stonecutter":1,"minecraft:stone_bricks":19,"minecraft:mossy_stone_bricks":4,"minecraft:deepslate":370,"minecraft:fern":1},"minecraft:picked_up":{"minecraft:crafting_table":5,"minecraft:ladder":13,"minecraft:splash_potion":12,"minecraft:chicken":2,"minecraft:flower_pot":4,"minecraft:rabbit_stew":1,"minecraft:diamond_sword":11,"minecraft:wooden_pickaxe":1,"minecraft:brewing_stand":5,"minecraft:shield":8,"minecraft:red_bed":2,"minecraft:oak_trapdoor":2,"minecraft:string":4,"minecraft:raw_copper":32,"minecraft:white_carpet":41,"minecraft:oak_sign":11,"minecraft:cracked_stone_bricks":10,"minecraft:diamond_leggings":8,"minecraft:cobbled_deepslate":894,"minecraft:spruce_planks":68,"minecraft:beef":6,"minecraft:spruce_slab":2,"minecraft:poppy":10,"minecraft:iron_pickaxe":9,"minecraft:lectern":235,"minecraft:sugar_cane":6,"minecraft:spruce_trapdoor":9,"minecraft:stick":205,"minecraft:raw_iron":71,"minecraft:composter":3,"minecraft:torch":28,"minecraft:spruce_stairs":2,"minecraft:spruce_fence":8,"minecraft:diorite":9,"minecraft:carrot":13,"minecraft:redstone":5,"minecraft:cauldron":13,"minecraft:rotten_flesh":37,"minecraft:diamond_chestplate":9,"minecraft:arrow":16,"minecraft:cactus":1,"minecraft:beetroot_seeds":4,"minecraft:diamond_boots":8,"minecraft:saddle":3,"minecraft:mutton":3,"minecraft:iron_bars":8,"minecraft:snowball":403,"minecraft:white_wool":3,"minecraft:cobblestone":433,"minecraft:birch_log":4,"minecraft:feather":1,"minecraft:andesite":6,"minecraft:leather":14,"minecraft:smoker":9,"minecraft:potato":50,"minecraft:flint":10,"minecraft:tuff":50,"minecraft:stripped_spruce_wood":139,"minecraft:lapis_lazuli":12,"minecraft:blue_bed":8,"minecraft:dirt":666,"minecraft:leather_boots":1,"minecraft:red_carpet":2,"minecraft:bone":5,"minecraft:apple":21,"minecraft:stone_bricks":32,"minecraft:stonecutter":9,"minecraft:bow":3,"minecraft:wheat_seeds":19,"minecraft:raw_gold":70,"minecraft:stone_pickaxe":1,"minecraft:iron_ingot":60,"minecraft:mossy_stone_bricks":15,"minecraft:fletching_table":4,"minecraft:diamond_helmet":8,"minecraft:glass_bottle":2,"minecraft:book":120,"minecraft:dandelion":3,"minecraft:gravel":42,"minecraft:stripped_spruce_log":90,"minecraft:spruce_sapling":6,"minecraft:white_bed":6,"minecraft:spruce_log":148,"minecraft:spruce_door":9,"minecraft:spider_eye":2,"minecraft:leather_helmet":2,"minecraft:diamond_shovel":9,"minecraft:diamond":399,"minecraft:diamond_axe":10,"minecraft:granite":15,"minecraft:golden_apple":12,"minecraft:bread":184,"minecraft:emerald":113,"minecraft:spruce_button":1,"minecraft:light_gray_carpet":7,"minecraft:coal":54,"minecraft:ender_pearl":1,"minecraft:diamond_pickaxe":9},"minecraft:crafted":{"minecraft:rabbit_stew":1,"minecraft:spruce_button":1,"minecraft:furnace":1,"minecraft:diamond_shovel":1,"minecraft:diamond_block":3,"minecraft:bow":3,"minecraft:diamond_helmet":1,"minecraft:diamond_leggings":1,"minecraft:stone_pickaxe":1,"minecraft:diamond_boots":1,"minecraft:diamond_sword":1,"minecraft:emerald":94,"minecraft:diamond_axe":1,"minecraft:crafting_table":6,"minecraft:spruce_planks":1460,"minecraft:wooden_pickaxe":1,"minecraft:enchanted_book":1,"minecraft:bread":72,"minecraft:air":0,"minecraft:spruce_trapdoor":4,"minecraft:diamond_pickaxe":1,"minecraft:shield":1,"minecraft:stick":2752,"minecraft:iron_ingot":55,"minecraft:iron_pickaxe":1,"minecraft:iron_block":3,"minecraft:gold_ingot":10,"minecraft:anvil":1,"minecraft:diamond_chestplate":4},"minecraft:custom":{"minecraft:interact_with_anvil":2,"minecraft:mob_kills":46,"minecraft:interact_with_crafting_table":22,"minecraft:bell_ring":14,"minecraft:leave_game":12,"minecraft:time_since_death":38896,"minecraft:climb_one_cm":11759,"minecraft:sprint_one_cm":542439,"minecraft:walk_one_cm":354307,"minecraft:damage_blocked_by_shield":2721,"minecraft:drop":173,"minecraft:talked_to_villager":351,"minecraft:play_time":252802,"minecraft:deaths":16,"minecraft:sneak_time":3148,"minecraft:walk_under_water_one_cm":2692,"minecraft:jump":3263,"minecraft:interact_with_brewingstand":5,"minecraft:walk_on_water_one_cm":9262,"minecraft:total_world_time":252802,"minecraft:interact_with_furnace":33,"minecraft:traded_with_villager":111,"minecraft:sleep_in_bed":12,"minecraft:time_since_rest":6525,"minecraft:damage_taken":6829,"minecraft:damage_dealt":9071,"minecraft:swim_one_cm":12364,"minecraft:fly_one_cm":790270,"minecraft:open_chest":27,"minecraft:crouch_one_cm":2848,"minecraft:fall_one_cm":94913},"minecraft:killed":{"minecraft:spider":4,"minecraft:skeleton":1,"minecraft:chicken":2,"minecraft:silverfish":4,"minecraft:wolf":1,"minecraft:zombie_villager":1,"minecraft:iron_golem":2,"minecraft:bat":1,"minecraft:sheep":3,"minecraft:zombie":15,"minecraft:stray":1,"minecraft:villager":10},"minecraft:dropped":{"minecraft:bread":58,"minecraft:stripped_spruce_log":1,"minecraft:wheat_seeds":2,"minecraft:diamond_axe":2,"minecraft:lapis_lazuli":6,"minecraft:feather":1,"minecraft:cobblestone":145,"minecraft:leather":2,"minecraft:granite":7,"minecraft:spruce_button":1,"minecraft:cracked_stone_bricks":3,"minecraft:saddle":2,"minecraft:spruce_door":5,"minecraft:leather_helmet":2,"minecraft:red_carpet":1,"minecraft:stick":20,"minecraft:flint":4,"minecraft:dirt":11,"minecraft:brewing_stand":2,"minecraft:torch":8,"minecraft:mutton":3,"minecraft:snowball":128,"minecraft:cactus":1,"minecraft:birch_log":1,"minecraft:white_wool":2,"minecraft:spruce_sapling":1,"minecraft:dandelion":3,"minecraft:cauldron":9,"minecraft:bone":1,"minecraft:gravel":12,"minecraft:cobbled_deepslate":376,"minecraft:raw_copper":7,"minecraft:tuff":25,"minecraft:chicken":2,"minecraft:white_carpet":10,"minecraft:rotten_flesh":13,"minecraft:diamond_shovel":1,"minecraft:light_gray_carpet":3,"minecraft:oak_sign":2,"minecraft:diamond_sword":3,"minecraft:poppy":8,"minecraft:flower_pot":2,"minecraft:diamond_chestplate":3,"minecraft:spruce_planks":2,"minecraft:mossy_stone_bricks":4,"minecraft:beetroot_seeds":4,"minecraft:ladder":8,"minecraft:leather_boots":1,"minecraft:stone_bricks":5,"minecraft:spider_eye":1,"minecraft:spruce_log":6,"minecraft:rabbit_stew":1,"minecraft:stone_pickaxe":1,"minecraft:bow":2,"minecraft:beef":3,"minecraft:wooden_pickaxe":1}},"DataVersion":3953}