{"stats":{"minecraft:mined":{"minecraft:spruce_planks":6,"minecraft:tuff":25,"minecraft:white_bed":7,"minecraft:deepslate_diamond_ore":89,"minecraft:potted_cactus":1,"minecraft:brewing_stand":3,"minecraft:spruce_trapdoor":4,"minecraft:granite":7,"minecraft:ladder":5,"minecraft:grass_block":82,"minecraft:spruce_fence":4,"minecraft:spruce_leaves":6,"minecraft:composter":3,"minecraft:oak_wall_sign":3,"minecraft:oak_trapdoor":2,"minecraft:iron_ore":8,"minecraft:cobbled_deepslate":20,"minecraft:snow":220,"minecraft:andesite":8,"minecraft:stripped_spruce_log":93,"minecraft:deepslate_lapis_ore":1,"minecraft:fletching_table":3,"minecraft:bookshelf":4,"minecraft:potatoes":4,"minecraft:water_cauldron":4,"minecraft:dirt_path":11,"minecraft:iron_bars":6,"minecraft:packed_ice":1,"minecraft:stone":116,"minecraft:spruce_slab":1,"minecraft:light_gray_carpet":2,"minecraft:glass_pane":2,"minecraft:red_bed":2,"minecraft:infested_stone_bricks":4,"minecraft:snow_block":45,"minecraft:smoker":1,"minecraft:dandelion":3,"minecraft:crafting_table":1,"minecraft:torch":1,"minecraft:short_grass":18,"minecraft:lectern":230,"minecraft:cobblestone":16,"minecraft:tall_grass":17,"minecraft:copper_ore":2,"minecraft:sugar_cane":2,"minecraft:deepslate_gold_ore":10,"minecraft:blue_bed":8,"minecraft:spruce_stairs":4,"minecraft:stripped_spruce_wood":130,"minecraft:birch_log":4,"minecraft:spruce_log":84,"minecraft:white_carpet":5,"minecraft:coal_ore":21,"minecraft:gravel":19,"minecraft:dirt":359,"minecraft:cracked_stone_bricks":5,"minecraft:stonecutter":1,"minecraft:stone_bricks":18,"minecraft:mossy_stone_bricks":4,"minecraft:deepslate":370},"minecraft:custom":{"minecraft:mob_kills":43,"minecraft:interact_with_crafting_table":20,"minecraft:bell_ring":11,"minecraft:leave_game":9,"minecraft:time_since_death":9187,"minecraft:climb_one_cm":8906,"minecraft:sprint_one_cm":479537,"minecraft:walk_one_cm":321653,"minecraft:damage_blocked_by_shield":2503,"minecraft:drop":114,"minecraft:talked_to_villager":342,"minecraft:play_time":223093,"minecraft:deaths":16,"minecraft:sneak_time":2985,"minecraft:walk_under_water_one_cm":2098,"minecraft:jump":2779,"minecraft:interact_with_brewingstand":5,"minecraft:walk_on_water_one_cm":4128,"minecraft:total_world_time":223093,"minecraft:interact_with_furnace":15,"minecraft:traded_with_villager":86,"minecraft:sleep_in_bed":7,"minecraft:time_since_rest":9220,"minecraft:damage_taken":6597,"minecraft:damage_dealt":8380,"minecraft:swim_one_cm":2825,"minecraft:fly_one_cm":735136,"minecraft:open_chest":19,"minecraft:crouch_one_cm":2690,"minecraft:fall_one_cm":84526},"minecraft:dropped":{"minecraft:bread":5,"minecraft:stripped_spruce_log":1,"minecraft:wheat_seeds":2,"minecraft:diamond_axe":2,"minecraft:lapis_lazuli":6,"minecraft:feather":1,"minecraft:cobblestone":145,"minecraft:leather":2,"minecraft:granite":7,"minecraft:spruce_button":1,"minecraft:cracked_stone_bricks":3,"minecraft:saddle":2,"minecraft:spruce_door":5,"minecraft:leather_helmet":2,"minecraft:stick":20,"minecraft:flint":4,"minecraft:dirt":2,"minecraft:brewing_stand":2,"minecraft:torch":8,"minecraft:mutton":3,"minecraft:snowball":96,"minecraft:birch_log":1,"minecraft:white_wool":2,"minecraft:spruce_sapling":1,"minecraft:dandelion":3,"minecraft:cauldron":9,"minecraft:bone":1,"minecraft:gravel":12,"minecraft:cobbled_deepslate":376,"minecraft:raw_copper":7,"minecraft:tuff":25,"minecraft:chicken":2,"minecraft:white_carpet":8,"minecraft:rotten_flesh":13,"minecraft:diamond_shovel":1,"minecraft:light_gray_carpet":3,"minecraft:oak_sign":2,"minecraft:diamond_sword":3,"minecraft:poppy":3,"minecraft:flower_pot":1,"minecraft:diamond_chestplate":3,"minecraft:spruce_planks":2,"minecraft:mossy_stone_bricks":4,"minecraft:beetroot_seeds":4,"minecraft:ladder":6,"minecraft:leather_boots":1,"minecraft:spider_eye":1,"minecraft:stone_bricks":5,"minecraft:spruce_log":6,"minecraft:rabbit_stew":1,"minecraft:bow":2,"minecraft:wooden_pickaxe":1,"minecraft:beef":3,"minecraft:stone_pickaxe":1},"minecraft:used":{"minecraft:shield":22,"minecraft:dirt":415,"minecraft:snowball":158,"minecraft:stone_bricks":1,"minecraft:bow":1,"minecraft:furnace":1,"minecraft:potato":17,"minecraft:cobbled_deepslate":141,"minecraft:stone_pickaxe":104,"minecraft:wooden_pickaxe":3,"minecraft:composter":3,"minecraft:fletching_table":3,"minecraft:blue_bed":8,"minecraft:diamond_axe":564,"minecraft:cracked_stone_bricks":1,"minecraft:crafting_table":6,"minecraft:red_bed":1,"minecraft:white_bed":6,"minecraft:diamond_pickaxe":596,"minecraft:diamond_shovel":702,"minecraft:bread":42,"minecraft:iron_pickaxe":70,"minecraft:lectern":230,"minecraft:spruce_trapdoor":8,"minecraft:spruce_sapling":1,"minecraft:gravel":6,"minecraft:diamond_sword":164,"minecraft:cobblestone":46,"minecraft:andesite":6,"minecraft:birch_log":3,"minecraft:splash_potion":3},"minecraft:killed_by":{"minecraft:zombie_villager":1,"minecraft:creeper":1,"minecraft:enderman":1,"minecraft:zombie":6},"minecraft:crafted":{"minecraft:rabbit_stew":1,"minecraft:spruce_button":1,"minecraft:furnace":1,"minecraft:diamond_shovel":1,"minecraft:diamond_block":3,"minecraft:bow":3,"minecraft:diamond_helmet":1,"minecraft:diamond_leggings":1,"minecraft:stone_pickaxe":1,"minecraft:diamond_boots":1,"minecraft:diamond_sword":1,"minecraft:emerald":70,"minecraft:diamond_axe":1,"minecraft:crafting_table":5,"minecraft:spruce_planks":1156,"minecraft:wooden_pickaxe":1,"minecraft:bread":72,"minecraft:air":0,"minecraft:spruce_trapdoor":4,"minecraft:diamond_pickaxe":1,"minecraft:shield":1,"minecraft:stick":2240,"minecraft:iron_ingot":8,"minecraft:iron_pickaxe":1,"minecraft:diamond_chestplate":4},"minecraft:picked_up":{"minecraft:crafting_table":5,"minecraft:splash_potion":12,"minecraft:chicken":2,"minecraft:ladder":12,"minecraft:flower_pot":2,"minecraft:rabbit_stew":1,"minecraft:diamond_sword":11,"minecraft:wooden_pickaxe":1,"minecraft:brewing_stand":5,"minecraft:shield":8,"minecraft:red_bed":2,"minecraft:string":4,"minecraft:oak_trapdoor":2,"minecraft:raw_copper":14,"minecraft:white_carpet":40,"minecraft:oak_sign":11,"minecraft:cracked_stone_bricks":10,"minecraft:diamond_leggings":8,"minecraft:cobbled_deepslate":894,"minecraft:spruce_planks":68,"minecraft:beef":6,"minecraft:poppy":7,"minecraft:iron_pickaxe":9,"minecraft:spruce_slab":2,"minecraft:lectern":235,"minecraft:sugar_cane":6,"minecraft:spruce_trapdoor":9,"minecraft:stick":202,"minecraft:raw_iron":8,"minecraft:composter":3,"minecraft:torch":28,"minecraft:spruce_stairs":2,"minecraft:spruce_fence":8,"minecraft:redstone":5,"minecraft:cauldron":13,"minecraft:diamond_chestplate":9,"minecraft:arrow":16,"minecraft:rotten_flesh":37,"minecraft:beetroot_seeds":4,"minecraft:diamond_boots":8,"minecraft:saddle":3,"minecraft:mutton":3,"minecraft:iron_bars":8,"minecraft:snowball":376,"minecraft:white_wool":3,"minecraft:cobblestone":303,"minecraft:birch_log":4,"minecraft:feather":1,"minecraft:andesite":6,"minecraft:leather":14,"minecraft:smoker":9,"minecraft:potato":2,"minecraft:flint":10,"minecraft:tuff":50,"minecraft:stripped_spruce_wood":127,"minecraft:lapis_lazuli":12,"minecraft:dirt":637,"minecraft:blue_bed":8,"minecraft:leather_boots":1,"minecraft:bone":5,"minecraft:apple":21,"minecraft:stone_bricks":31,"minecraft:bow":3,"minecraft:stonecutter":9,"minecraft:wheat_seeds":2,"minecraft:raw_gold":70,"minecraft:iron_ingot":57,"minecraft:stone_pickaxe":1,"minecraft:mossy_stone_bricks":15,"minecraft:fletching_table":4,"minecraft:diamond_helmet":8,"minecraft:glass_bottle":2,"minecraft:book":120,"minecraft:dandelion":3,"minecraft:gravel":42,"minecraft:stripped_spruce_log":90,"minecraft:spruce_sapling":6,"minecraft:white_bed":6,"minecraft:spruce_log":84,"minecraft:spider_eye":2,"minecraft:spruce_door":9,"minecraft:leather_helmet":2,"minecraft:diamond_shovel":9,"minecraft:diamond":399,"minecraft:granite":14,"minecraft:diamond_axe":10,"minecraft:emerald":113,"minecraft:golden_apple":12,"minecraft:spruce_button":1,"minecraft:bread":153,"minecraft:light_gray_carpet":7,"minecraft:coal":30,"minecraft:diamond_pickaxe":9},"minecraft:killed":{"minecraft:spider":3,"minecraft:skeleton":1,"minecraft:chicken":2,"minecraft:silverfish":4,"minecraft:wolf":1,"minecraft:zombie_villager":1,"minecraft:iron_golem":2,"minecraft:sheep":3,"minecraft:zombie":14,"minecraft:stray":1,"minecraft:villager":10}},"DataVersion":3953}