{"stats":{"minecraft:killed_by":{"minecraft:zombie_villager":1,"minecraft:creeper":1,"minecraft:enderman":1,"minecraft:zombie":6},"minecraft:killed":{"minecraft:spider":3,"minecraft:skeleton":1,"minecraft:chicken":2,"minecraft:silverfish":2,"minecraft:wolf":1,"minecraft:zombie_villager":1,"minecraft:sheep":3,"minecraft:zombie":13,"minecraft:stray":1,"minecraft:villager":2},"minecraft:dropped":{"minecraft:bread":5,"minecraft:stripped_spruce_log":1,"minecraft:wheat_seeds":2,"minecraft:lapis_lazuli":6,"minecraft:feather":1,"minecraft:cobblestone":131,"minecraft:granite":7,"minecraft:spruce_button":1,"minecraft:saddle":2,"minecraft:leather_helmet":2,"minecraft:stick":3,"minecraft:flint":4,"minecraft:dirt":2,"minecraft:brewing_stand":2,"minecraft:mutton":3,"minecraft:snowball":55,"minecraft:birch_log":1,"minecraft:white_wool":2,"minecraft:cauldron":9,"minecraft:spruce_sapling":1,"minecraft:dandelion":3,"minecraft:gravel":12,"minecraft:cobbled_deepslate":376,"minecraft:raw_copper":7,"minecraft:tuff":25,"minecraft:chicken":2,"minecraft:white_carpet":1,"minecraft:rotten_flesh":2,"minecraft:light_gray_carpet":1,"minecraft:flower_pot":1,"minecraft:diamond_chestplate":3,"minecraft:beetroot_seeds":4,"minecraft:ladder":5,"minecraft:leather_boots":1,"minecraft:spider_eye":1,"minecraft:spruce_log":6,"minecraft:rabbit_stew":1,"minecraft:wooden_pickaxe":1,"minecraft:beef":3,"minecraft:stone_pickaxe":1},"minecraft:picked_up":{"minecraft:crafting_table":5,"minecraft:splash_potion":9,"minecraft:chicken":2,"minecraft:ladder":10,"minecraft:flower_pot":2,"minecraft:rabbit_stew":1,"minecraft:diamond_sword":5,"minecraft:wooden_pickaxe":1,"minecraft:brewing_stand":4,"minecraft:shield":5,"minecraft:string":4,"minecraft:oak_trapdoor":1,"minecraft:red_bed":1,"minecraft:raw_copper":14,"minecraft:white_carpet":37,"minecraft:oak_sign":10,"minecraft:cracked_stone_bricks":7,"minecraft:diamond_leggings":5,"minecraft:cobbled_deepslate":894,"minecraft:spruce_planks":56,"minecraft:beef":6,"minecraft:iron_pickaxe":6,"minecraft:spruce_slab":2,"minecraft:lectern":30,"minecraft:sugar_cane":3,"minecraft:spruce_trapdoor":2,"minecraft:stick":96,"minecraft:raw_iron":8,"minecraft:composter":3,"minecraft:torch":5,"minecraft:spruce_stairs":2,"minecraft:spruce_fence":8,"minecraft:redstone":5,"minecraft:cauldron":12,"minecraft:diamond_chestplate":6,"minecraft:arrow":13,"minecraft:rotten_flesh":17,"minecraft:beetroot_seeds":4,"minecraft:diamond_boots":5,"minecraft:saddle":3,"minecraft:mutton":3,"minecraft:iron_bars":6,"minecraft:snowball":234,"minecraft:white_wool":3,"minecraft:cobblestone":295,"minecraft:birch_log":4,"minecraft:feather":1,"minecraft:andesite":6,"minecraft:leather":14,"minecraft:potato":2,"minecraft:smoker":6,"minecraft:flint":10,"minecraft:tuff":50,"minecraft:stripped_spruce_wood":39,"minecraft:lapis_lazuli":12,"minecraft:dirt":482,"minecraft:blue_bed":8,"minecraft:leather_boots":1,"minecraft:bone":5,"minecraft:apple":12,"minecraft:stone_bricks":25,"minecraft:stonecutter":6,"minecraft:wheat_seeds":2,"minecraft:raw_gold":70,"minecraft:iron_ingot":25,"minecraft:stone_pickaxe":1,"minecraft:diamond_helmet":5,"minecraft:mossy_stone_bricks":12,"minecraft:fletching_table":2,"minecraft:glass_bottle":2,"minecraft:book":84,"minecraft:dandelion":3,"minecraft:gravel":42,"minecraft:stripped_spruce_log":2,"minecraft:spruce_sapling":2,"minecraft:white_bed":5,"minecraft:spruce_log":29,"minecraft:spider_eye":2,"minecraft:leather_helmet":2,"minecraft:diamond_shovel":5,"minecraft:diamond":303,"minecraft:diamond_axe":5,"minecraft:granite":14,"minecraft:golden_apple":9,"minecraft:spruce_button":1,"minecraft:bread":45,"minecraft:light_gray_carpet":6,"minecraft:coal":30,"minecraft:diamond_pickaxe":6},"minecraft:custom":{"minecraft:mob_kills":30,"minecraft:interact_with_crafting_table":10,"minecraft:bell_ring":10,"minecraft:leave_game":8,"minecraft:time_since_death":15770,"minecraft:climb_one_cm":5347,"minecraft:sprint_one_cm":375401,"minecraft:walk_one_cm":254684,"minecraft:damage_blocked_by_shield":2253,"minecraft:drop":72,"minecraft:talked_to_villager":105,"minecraft:play_time":162179,"minecraft:deaths":13,"minecraft:sneak_time":2040,"minecraft:walk_under_water_one_cm":2098,"minecraft:jump":2126,"minecraft:interact_with_brewingstand":3,"minecraft:walk_on_water_one_cm":4128,"minecraft:total_world_time":162179,"minecraft:interact_with_furnace":12,"minecraft:traded_with_villager":18,"minecraft:sleep_in_bed":3,"minecraft:time_since_rest":15799,"minecraft:damage_taken":5060,"minecraft:damage_dealt":4967,"minecraft:swim_one_cm":2825,"minecraft:fly_one_cm":404137,"minecraft:open_chest":10,"minecraft:crouch_one_cm":1546,"minecraft:fall_one_cm":57214},"minecraft:crafted":{"minecraft:rabbit_stew":1,"minecraft:spruce_button":1,"minecraft:furnace":1,"minecraft:diamond_shovel":1,"minecraft:diamond_helmet":1,"minecraft:diamond_leggings":1,"minecraft:stone_pickaxe":1,"minecraft:diamond_boots":1,"minecraft:diamond_sword":1,"minecraft:emerald":12,"minecraft:diamond_axe":1,"minecraft:crafting_table":5,"minecraft:spruce_planks":232,"minecraft:wooden_pickaxe":1,"minecraft:bread":30,"minecraft:air":0,"minecraft:spruce_trapdoor":2,"minecraft:diamond_pickaxe":1,"minecraft:shield":1,"minecraft:stick":392,"minecraft:iron_ingot":8,"minecraft:iron_pickaxe":1,"minecraft:diamond_chestplate":4},"minecraft:used":{"minecraft:shield":21,"minecraft:dirt":233,"minecraft:snowball":154,"minecraft:furnace":1,"minecraft:potato":17,"minecraft:cobbled_deepslate":141,"minecraft:stone_pickaxe":104,"minecraft:wooden_pickaxe":3,"minecraft:composter":3,"minecraft:blue_bed":8,"minecraft:fletching_table":2,"minecraft:diamond_axe":105,"minecraft:crafting_table":5,"minecraft:red_bed":1,"minecraft:white_bed":5,"minecraft:diamond_pickaxe":580,"minecraft:diamond_shovel":529,"minecraft:bread":29,"minecraft:iron_pickaxe":70,"minecraft:lectern":24,"minecraft:spruce_trapdoor":3,"minecraft:gravel":6,"minecraft:spruce_sapling":1,"minecraft:diamond_sword":77,"minecraft:cobblestone":45,"minecraft:andesite":6,"minecraft:birch_log":3,"minecraft:splash_potion":2},"minecraft:mined":{"minecraft:tuff":25,"minecraft:white_bed":6,"minecraft:deepslate_diamond_ore":89,"minecraft:potted_cactus":1,"minecraft:brewing_stand":2,"minecraft:spruce_trapdoor":1,"minecraft:ladder":5,"minecraft:granite":7,"minecraft:grass_block":64,"minecraft:spruce_fence":4,"minecraft:spruce_leaves":5,"minecraft:composter":3,"minecraft:oak_wall_sign":3,"minecraft:oak_trapdoor":1,"minecraft:iron_ore":8,"minecraft:cobbled_deepslate":20,"minecraft:snow":208,"minecraft:andesite":8,"minecraft:stripped_spruce_log":4,"minecraft:deepslate_lapis_ore":1,"minecraft:fletching_table":2,"minecraft:bookshelf":4,"minecraft:potatoes":4,"minecraft:dirt_path":10,"minecraft:water_cauldron":3,"minecraft:iron_bars":3,"minecraft:stone":115,"minecraft:spruce_slab":1,"minecraft:light_gray_carpet":1,"minecraft:red_bed":1,"minecraft:infested_stone_bricks":3,"minecraft:smoker":1,"minecraft:snow_block":32,"minecraft:dandelion":3,"minecraft:crafting_table":1,"minecraft:torch":1,"minecraft:short_grass":16,"minecraft:lectern":25,"minecraft:cobblestone":16,"minecraft:copper_ore":2,"minecraft:tall_grass":17,"minecraft:deepslate_gold_ore":10,"minecraft:sugar_cane":1,"minecraft:blue_bed":8,"minecraft:spruce_stairs":4,"minecraft:stripped_spruce_wood":40,"minecraft:birch_log":4,"minecraft:white_carpet":3,"minecraft:spruce_log":27,"minecraft:coal_ore":21,"minecraft:gravel":19,"minecraft:dirt":231,"minecraft:cracked_stone_bricks":4,"minecraft:stone_bricks":12,"minecraft:stonecutter":1,"minecraft:mossy_stone_bricks":3,"minecraft:deepslate":370}},"DataVersion":3953}