{"stats":{"minecraft:mined":{"minecraft:spruce_planks":2,"minecraft:tuff":25,"minecraft:white_bed":7,"minecraft:deepslate_diamond_ore":89,"minecraft:potted_cactus":1,"minecraft:brewing_stand":2,"minecraft:spruce_trapdoor":3,"minecraft:granite":7,"minecraft:ladder":5,"minecraft:grass_block":79,"minecraft:spruce_fence":4,"minecraft:spruce_leaves":5,"minecraft:composter":3,"minecraft:oak_wall_sign":3,"minecraft:oak_trapdoor":1,"minecraft:iron_ore":8,"minecraft:cobbled_deepslate":20,"minecraft:snow":215,"minecraft:andesite":8,"minecraft:stripped_spruce_log":69,"minecraft:deepslate_lapis_ore":1,"minecraft:fletching_table":2,"minecraft:bookshelf":4,"minecraft:potatoes":4,"minecraft:water_cauldron":3,"minecraft:dirt_path":11,"minecraft:iron_bars":3,"minecraft:packed_ice":1,"minecraft:stone":116,"minecraft:spruce_slab":1,"minecraft:light_gray_carpet":1,"minecraft:red_bed":1,"minecraft:infested_stone_bricks":3,"minecraft:snow_block":32,"minecraft:smoker":1,"minecraft:dandelion":3,"minecraft:crafting_table":1,"minecraft:torch":1,"minecraft:short_grass":16,"minecraft:lectern":79,"minecraft:cobblestone":16,"minecraft:tall_grass":17,"minecraft:copper_ore":2,"minecraft:sugar_cane":2,"minecraft:deepslate_gold_ore":10,"minecraft:blue_bed":8,"minecraft:spruce_stairs":4,"minecraft:stripped_spruce_wood":74,"minecraft:birch_log":4,"minecraft:spruce_log":49,"minecraft:white_carpet":3,"minecraft:coal_ore":21,"minecraft:gravel":19,"minecraft:dirt":342,"minecraft:cracked_stone_bricks":4,"minecraft:stonecutter":1,"minecraft:stone_bricks":12,"minecraft:mossy_stone_bricks":3,"minecraft:deepslate":370},"minecraft:custom":{"minecraft:mob_kills":40,"minecraft:interact_with_crafting_table":13,"minecraft:bell_ring":11,"minecraft:leave_game":9,"minecraft:time_since_death":6581,"minecraft:climb_one_cm":5347,"minecraft:sprint_one_cm":443767,"minecraft:walk_one_cm":302243,"minecraft:damage_blocked_by_shield":2503,"minecraft:drop":101,"minecraft:talked_to_villager":181,"minecraft:play_time":199093,"minecraft:deaths":15,"minecraft:sneak_time":2695,"minecraft:walk_under_water_one_cm":2098,"minecraft:jump":2592,"minecraft:interact_with_brewingstand":3,"minecraft:walk_on_water_one_cm":4128,"minecraft:total_world_time":199093,"minecraft:interact_with_furnace":12,"minecraft:traded_with_villager":65,"minecraft:sleep_in_bed":6,"minecraft:time_since_rest":6616,"minecraft:damage_taken":6237,"minecraft:damage_dealt":8020,"minecraft:swim_one_cm":2825,"minecraft:fly_one_cm":706910,"minecraft:open_chest":10,"minecraft:crouch_one_cm":2361,"minecraft:fall_one_cm":79581},"minecraft:dropped":{"minecraft:bread":5,"minecraft:stripped_spruce_log":1,"minecraft:wheat_seeds":2,"minecraft:lapis_lazuli":6,"minecraft:feather":1,"minecraft:cobblestone":145,"minecraft:leather":2,"minecraft:granite":7,"minecraft:spruce_button":1,"minecraft:cracked_stone_bricks":2,"minecraft:saddle":2,"minecraft:spruce_door":3,"minecraft:leather_helmet":2,"minecraft:stick":20,"minecraft:flint":4,"minecraft:dirt":2,"minecraft:brewing_stand":2,"minecraft:torch":4,"minecraft:mutton":3,"minecraft:snowball":56,"minecraft:birch_log":1,"minecraft:white_wool":2,"minecraft:spruce_sapling":1,"minecraft:dandelion":3,"minecraft:cauldron":9,"minecraft:bone":1,"minecraft:gravel":12,"minecraft:cobbled_deepslate":376,"minecraft:raw_copper":7,"minecraft:tuff":25,"minecraft:chicken":2,"minecraft:white_carpet":8,"minecraft:rotten_flesh":5,"minecraft:diamond_shovel":1,"minecraft:light_gray_carpet":2,"minecraft:oak_sign":2,"minecraft:diamond_sword":3,"minecraft:poppy":1,"minecraft:flower_pot":1,"minecraft:diamond_chestplate":3,"minecraft:spruce_planks":2,"minecraft:mossy_stone_bricks":4,"minecraft:beetroot_seeds":4,"minecraft:ladder":5,"minecraft:leather_boots":1,"minecraft:spider_eye":1,"minecraft:stone_bricks":5,"minecraft:spruce_log":6,"minecraft:rabbit_stew":1,"minecraft:bow":2,"minecraft:wooden_pickaxe":1,"minecraft:beef":3,"minecraft:stone_pickaxe":1},"minecraft:used":{"minecraft:shield":22,"minecraft:dirt":398,"minecraft:snowball":158,"minecraft:bow":1,"minecraft:furnace":1,"minecraft:potato":17,"minecraft:cobbled_deepslate":141,"minecraft:stone_pickaxe":104,"minecraft:wooden_pickaxe":3,"minecraft:composter":3,"minecraft:fletching_table":2,"minecraft:blue_bed":8,"minecraft:diamond_axe":284,"minecraft:crafting_table":6,"minecraft:red_bed":1,"minecraft:white_bed":6,"minecraft:diamond_pickaxe":582,"minecraft:diamond_shovel":663,"minecraft:bread":40,"minecraft:iron_pickaxe":70,"minecraft:lectern":79,"minecraft:spruce_trapdoor":5,"minecraft:spruce_sapling":1,"minecraft:gravel":6,"minecraft:diamond_sword":152,"minecraft:cobblestone":46,"minecraft:andesite":6,"minecraft:birch_log":3,"minecraft:splash_potion":2},"minecraft:killed_by":{"minecraft:zombie_villager":1,"minecraft:creeper":1,"minecraft:enderman":1,"minecraft:zombie":6},"minecraft:crafted":{"minecraft:rabbit_stew":1,"minecraft:spruce_button":1,"minecraft:furnace":1,"minecraft:diamond_shovel":1,"minecraft:bow":3,"minecraft:diamond_helmet":1,"minecraft:diamond_leggings":1,"minecraft:stone_pickaxe":1,"minecraft:diamond_boots":1,"minecraft:diamond_sword":1,"minecraft:emerald":49,"minecraft:diamond_axe":1,"minecraft:crafting_table":5,"minecraft:spruce_planks":708,"minecraft:wooden_pickaxe":1,"minecraft:bread":72,"minecraft:air":0,"minecraft:spruce_trapdoor":4,"minecraft:diamond_pickaxe":1,"minecraft:shield":1,"minecraft:stick":1332,"minecraft:iron_ingot":8,"minecraft:iron_pickaxe":1,"minecraft:diamond_chestplate":4},"minecraft:picked_up":{"minecraft:crafting_table":5,"minecraft:splash_potion":11,"minecraft:chicken":2,"minecraft:ladder":10,"minecraft:flower_pot":2,"minecraft:rabbit_stew":1,"minecraft:diamond_sword":10,"minecraft:wooden_pickaxe":1,"minecraft:brewing_stand":4,"minecraft:shield":7,"minecraft:red_bed":1,"minecraft:string":4,"minecraft:oak_trapdoor":1,"minecraft:raw_copper":14,"minecraft:white_carpet":37,"minecraft:oak_sign":10,"minecraft:cracked_stone_bricks":8,"minecraft:diamond_leggings":7,"minecraft:cobbled_deepslate":894,"minecraft:spruce_planks":64,"minecraft:beef":6,"minecraft:poppy":3,"minecraft:iron_pickaxe":8,"minecraft:spruce_slab":2,"minecraft:lectern":84,"minecraft:sugar_cane":6,"minecraft:spruce_trapdoor":6,"minecraft:stick":113,"minecraft:raw_iron":8,"minecraft:composter":3,"minecraft:torch":20,"minecraft:spruce_stairs":2,"minecraft:spruce_fence":8,"minecraft:redstone":5,"minecraft:cauldron":12,"minecraft:diamond_chestplate":8,"minecraft:arrow":15,"minecraft:rotten_flesh":25,"minecraft:beetroot_seeds":4,"minecraft:diamond_boots":7,"minecraft:saddle":3,"minecraft:mutton":3,"minecraft:iron_bars":6,"minecraft:snowball":239,"minecraft:white_wool":3,"minecraft:cobblestone":303,"minecraft:birch_log":4,"minecraft:feather":1,"minecraft:andesite":6,"minecraft:leather":14,"minecraft:smoker":8,"minecraft:potato":2,"minecraft:flint":10,"minecraft:tuff":50,"minecraft:stripped_spruce_wood":73,"minecraft:lapis_lazuli":12,"minecraft:dirt":606,"minecraft:blue_bed":8,"minecraft:leather_boots":1,"minecraft:bone":5,"minecraft:apple":18,"minecraft:stone_bricks":25,"minecraft:bow":2,"minecraft:stonecutter":8,"minecraft:wheat_seeds":2,"minecraft:raw_gold":70,"minecraft:iron_ingot":46,"minecraft:stone_pickaxe":1,"minecraft:mossy_stone_bricks":14,"minecraft:fletching_table":2,"minecraft:diamond_helmet":7,"minecraft:glass_bottle":2,"minecraft:book":108,"minecraft:dandelion":3,"minecraft:gravel":42,"minecraft:stripped_spruce_log":66,"minecraft:spruce_sapling":2,"minecraft:white_bed":6,"minecraft:spruce_log":50,"minecraft:spider_eye":2,"minecraft:spruce_door":3,"minecraft:leather_helmet":2,"minecraft:diamond_shovel":8,"minecraft:diamond":367,"minecraft:granite":14,"minecraft:diamond_axe":7,"minecraft:emerald":68,"minecraft:golden_apple":11,"minecraft:spruce_button":1,"minecraft:bread":118,"minecraft:light_gray_carpet":6,"minecraft:coal":30,"minecraft:diamond_pickaxe":8},"minecraft:killed":{"minecraft:spider":3,"minecraft:skeleton":1,"minecraft:chicken":2,"minecraft:silverfish":2,"minecraft:wolf":1,"minecraft:zombie_villager":1,"minecraft:iron_golem":2,"minecraft:sheep":3,"minecraft:zombie":14,"minecraft:stray":1,"minecraft:villager":9}},"DataVersion":3953}