{"stats":{"minecraft:crafted":{"minecraft:diamond_sword":1,"minecraft:diamond_helmet":1,"minecraft:diamond_pickaxe":1,"minecraft:diamond_axe":1,"minecraft:spruce_planks":28,"minecraft:stick":12,"minecraft:diamond_chestplate":1},"minecraft:used":{"minecraft:diamond_chestplate":2,"minecraft:diamond_helmet":2},"minecraft:custom":{"minecraft:time_since_rest":1908,"minecraft:play_time":5937,"minecraft:sprint_one_cm":31740,"minecraft:deaths":1,"minecraft:damage_taken":268,"minecraft:walk_one_cm":9265,"minecraft:sneak_time":15,"minecraft:jump":164,"minecraft:time_since_death":1873,"minecraft:total_world_time":5937,"minecraft:fly_one_cm":49621,"minecraft:interact_with_crafting_table":2,"minecraft:fall_one_cm":3793},"minecraft:picked_up":{"minecraft:stick":7,"minecraft:diamond_chestplate":1,"minecraft:diamond":22,"minecraft:cobbled_deepslate":2,"minecraft:diamond_sword":1,"minecraft:spruce_planks":22,"minecraft:diamond_axe":1,"minecraft:diamond_helmet":1,"minecraft:spruce_log":7,"minecraft:snowball":5,"minecraft:diamond_pickaxe":1},"minecraft:mined":{"minecraft:spruce_log":7},"minecraft:killed_by":{"minecraft:zombie":1}},"DataVersion":3953}