{"stats":{"minecraft:dropped":{"minecraft:rotten_flesh":4},"minecraft:crafted":{"minecraft:diamond_sword":1,"minecraft:diamond_helmet":1,"minecraft:diamond_pickaxe":1,"minecraft:shield":1,"minecraft:diamond_axe":1,"minecraft:crafting_table":1,"minecraft:spruce_planks":28,"minecraft:stick":12,"minecraft:diamond_chestplate":1},"minecraft:killed":{"minecraft:sheep":9,"minecraft:chicken":1,"minecraft:stray":1,"minecraft:iron_golem":1,"minecraft:cow":4},"minecraft:used":{"minecraft:diamond_pickaxe":33,"minecraft:poppy":2,"minecraft:spruce_planks":3,"minecraft:diamond_axe":29,"minecraft:diamond_chestplate":2,"minecraft:diamond_sword":15,"minecraft:beef":5,"minecraft:crafting_table":1,"minecraft:carrot":1,"minecraft:diamond_helmet":2},"minecraft:custom":{"minecraft:time_since_rest":10517,"minecraft:sprint_one_cm":94904,"minecraft:damage_taken":716,"minecraft:walk_one_cm":40409,"minecraft:mob_kills":16,"minecraft:drop":3,"minecraft:damage_dealt":1549,"minecraft:swim_one_cm":3206,"minecraft:interact_with_crafting_table":3,"minecraft:fly_one_cm":171372,"minecraft:play_time":17937,"minecraft:deaths":2,"minecraft:sneak_time":15,"minecraft:walk_under_water_one_cm":506,"minecraft:jump":635,"minecraft:walk_on_water_one_cm":1290,"minecraft:time_since_death":10481,"minecraft:sleep_in_bed":1,"minecraft:total_world_time":17937,"minecraft:fall_one_cm":18565},"minecraft:picked_up":{"minecraft:tipped_arrow":1,"minecraft:stick":7,"minecraft:wheat":4,"minecraft:feather":2,"minecraft:chicken":1,"minecraft:leather":4,"minecraft:diamond_sword":2,"minecraft:potato":1,"minecraft:carrot":2,"minecraft:shield":1,"minecraft:spruce_log":7,"minecraft:dirt":1,"minecraft:diamond_chestplate":2,"minecraft:arrow":4,"minecraft:bone":2,"minecraft:rotten_flesh":4,"minecraft:diamond":24,"minecraft:wheat_seeds":13,"minecraft:cobbled_deepslate":4,"minecraft:spruce_planks":34,"minecraft:beef":7,"minecraft:iron_ingot":7,"minecraft:diamond_axe":2,"minecraft:poppy":2,"minecraft:diamond_helmet":2,"minecraft:oak_sapling":1,"minecraft:coal":5,"minecraft:mutton":15,"minecraft:snowball":5,"minecraft:white_wool":9,"minecraft:cobblestone":28,"minecraft:diamond_pickaxe":2},"minecraft:killed_by":{"minecraft:player":1,"minecraft:zombie":1},"minecraft:mined":{"minecraft:tall_seagrass":1,"minecraft:carrots":2,"minecraft:wheat":6,"minecraft:spruce_log":7,"minecraft:short_grass":6,"minecraft:grass_block":1,"minecraft:coal_ore":5,"minecraft:potatoes":1,"minecraft:tall_grass":2,"minecraft:stone":28,"minecraft:oak_leaves":3}},"DataVersion":3953}