{"stats":{"minecraft:killed":{"minecraft:spider":3,"minecraft:iron_golem":3,"minecraft:skeleton":1,"minecraft:sheep":9,"minecraft:zombie":6,"minecraft:chicken":1,"minecraft:stray":1,"minecraft:enderman":1,"minecraft:cow":5},"minecraft:dropped":{"minecraft:raw_iron":3,"minecraft:rotten_flesh":10,"minecraft:spider_eye":1,"minecraft:string":3},"minecraft:crafted":{"minecraft:diamond_sword":1,"minecraft:diamond_axe":1,"minecraft:crafting_table":2,"minecraft:spruce_planks":28,"minecraft:furnace":1,"minecraft:bucket":1,"minecraft:birch_planks":8,"minecraft:bread":37,"minecraft:cooked_mutton":15,"minecraft:diamond_helmet":1,"minecraft:diamond_pickaxe":1,"minecraft:shield":1,"minecraft:stick":16,"minecraft:iron_hoe":1,"minecraft:iron_leggings":1,"minecraft:white_bed":2,"minecraft:wheat":108,"minecraft:diamond_chestplate":1},"minecraft:used":{"minecraft:diorite":1,"minecraft:spruce_door":1,"minecraft:poppy":2,"minecraft:spruce_planks":3,"minecraft:diamond_axe":141,"minecraft:sand":2,"minecraft:crafting_table":3,"minecraft:carrot":1,"minecraft:diamond_helmet":2,"minecraft:white_bed":6,"minecraft:iron_hoe":9,"minecraft:diamond_pickaxe":65,"minecraft:bread":18,"minecraft:suspicious_stew":1,"minecraft:diamond_sword":18,"minecraft:diamond_chestplate":2,"minecraft:cobblestone":29,"minecraft:beef":7,"minecraft:hay_block":3,"minecraft:furnace":1,"minecraft:bucket":1},"minecraft:custom":{"minecraft:interact_with_furnace":4,"minecraft:mob_kills":30,"minecraft:interact_with_crafting_table":10,"minecraft:leave_game":2,"minecraft:time_since_death":1151,"minecraft:sleep_in_bed":8,"minecraft:climb_one_cm":1470,"minecraft:time_since_rest":1221,"minecraft:sprint_one_cm":286667,"minecraft:damage_taken":1699,"minecraft:walk_one_cm":135897,"minecraft:drop":7,"minecraft:damage_dealt":6028,"minecraft:swim_one_cm":40021,"minecraft:fly_one_cm":500738,"minecraft:open_chest":10,"minecraft:crouch_one_cm":89,"minecraft:play_time":67050,"minecraft:deaths":4,"minecraft:sneak_time":251,"minecraft:walk_under_water_one_cm":19957,"minecraft:jump":1967,"minecraft:walk_on_water_one_cm":10007,"minecraft:total_world_time":67050,"minecraft:fall_one_cm":54604},"minecraft:picked_up":{"minecraft:birch_log":2,"minecraft:crafting_table":2,"minecraft:wheat":8,"minecraft:feather":2,"minecraft:chicken":1,"minecraft:leather":6,"minecraft:diamond_sword":2,"minecraft:potato":1,"minecraft:shield":1,"minecraft:dirt":3,"minecraft:string":3,"minecraft:white_carpet":5,"minecraft:bone":2,"minecraft:wheat_seeds":27,"minecraft:cobbled_deepslate":4,"minecraft:redstone_torch":1,"minecraft:spruce_planks":34,"minecraft:beef":10,"minecraft:iron_ingot":16,"minecraft:poppy":6,"minecraft:diamond_helmet":2,"minecraft:sugar_cane":5,"minecraft:furnace":1,"minecraft:tipped_arrow":1,"minecraft:stick":7,"minecraft:raw_iron":6,"minecraft:sand":2,"minecraft:diorite":1,"minecraft:white_bed":5,"minecraft:spruce_log":7,"minecraft:carrot":2,"minecraft:spruce_door":1,"minecraft:spider_eye":1,"minecraft:diamond_chestplate":2,"minecraft:arrow":4,"minecraft:rotten_flesh":12,"minecraft:diamond":24,"minecraft:hay_block":15,"minecraft:diamond_axe":2,"minecraft:light_gray_carpet":3,"minecraft:oak_sapling":1,"minecraft:mutton":15,"minecraft:coal":19,"minecraft:snowball":5,"minecraft:white_wool":9,"minecraft:cobblestone":42,"minecraft:diamond_pickaxe":2},"minecraft:killed_by":{"minecraft:player":1,"minecraft:zombie":2},"minecraft:mined":{"minecraft:light_gray_carpet":3,"minecraft:white_bed":5,"minecraft:spruce_door":1,"minecraft:crafting_table":2,"minecraft:short_grass":21,"minecraft:grass_block":2,"minecraft:tall_grass":2,"minecraft:spruce_leaves":1,"minecraft:sugar_cane":2,"minecraft:diorite":1,"minecraft:hay_block":15,"minecraft:tall_seagrass":2,"minecraft:furnace":1,"minecraft:carrots":2,"minecraft:redstone_torch":1,"minecraft:birch_log":2,"minecraft:iron_ore":3,"minecraft:wheat":10,"minecraft:white_carpet":5,"minecraft:spruce_log":7,"minecraft:potatoes":1,"minecraft:coal_ore":16,"minecraft:sand":2,"minecraft:dirt":1,"minecraft:stone":42,"minecraft:fern":3,"minecraft:oak_leaves":4}},"DataVersion":3953}