{"stats":{"minecraft:killed":{"minecraft:iron_golem":3,"minecraft:sheep":9,"minecraft:chicken":1,"minecraft:stray":1,"minecraft:cow":5},"minecraft:dropped":{"minecraft:rotten_flesh":4},"minecraft:crafted":{"minecraft:diamond_sword":1,"minecraft:diamond_axe":1,"minecraft:crafting_table":2,"minecraft:spruce_planks":28,"minecraft:furnace":1,"minecraft:bucket":1,"minecraft:cooked_mutton":15,"minecraft:bread":37,"minecraft:diamond_helmet":1,"minecraft:diamond_pickaxe":1,"minecraft:shield":1,"minecraft:stick":16,"minecraft:iron_hoe":1,"minecraft:iron_leggings":1,"minecraft:white_bed":1,"minecraft:wheat":108,"minecraft:diamond_chestplate":1},"minecraft:used":{"minecraft:poppy":2,"minecraft:spruce_planks":3,"minecraft:diamond_axe":63,"minecraft:crafting_table":2,"minecraft:carrot":1,"minecraft:diamond_helmet":2,"minecraft:white_bed":1,"minecraft:iron_hoe":9,"minecraft:diamond_pickaxe":34,"minecraft:bread":5,"minecraft:diamond_chestplate":2,"minecraft:diamond_sword":15,"minecraft:cobblestone":3,"minecraft:beef":7,"minecraft:hay_block":3,"minecraft:furnace":1,"minecraft:bucket":1},"minecraft:custom":{"minecraft:interact_with_furnace":4,"minecraft:mob_kills":19,"minecraft:interact_with_crafting_table":9,"minecraft:time_since_death":22481,"minecraft:sleep_in_bed":2,"minecraft:time_since_rest":10304,"minecraft:sprint_one_cm":146199,"minecraft:damage_taken":736,"minecraft:walk_one_cm":63615,"minecraft:drop":3,"minecraft:damage_dealt":3650,"minecraft:swim_one_cm":6771,"minecraft:fly_one_cm":256455,"minecraft:open_chest":3,"minecraft:crouch_one_cm":89,"minecraft:play_time":29937,"minecraft:sneak_time":72,"minecraft:deaths":2,"minecraft:walk_under_water_one_cm":1221,"minecraft:jump":920,"minecraft:walk_on_water_one_cm":2376,"minecraft:total_world_time":29937,"minecraft:fall_one_cm":26278},"minecraft:picked_up":{"minecraft:crafting_table":1,"minecraft:wheat":8,"minecraft:feather":2,"minecraft:chicken":1,"minecraft:leather":6,"minecraft:diamond_sword":2,"minecraft:potato":1,"minecraft:shield":1,"minecraft:dirt":1,"minecraft:bone":2,"minecraft:wheat_seeds":25,"minecraft:cobbled_deepslate":4,"minecraft:spruce_planks":34,"minecraft:iron_ingot":16,"minecraft:beef":10,"minecraft:poppy":6,"minecraft:diamond_helmet":2,"minecraft:sugar_cane":5,"minecraft:furnace":1,"minecraft:tipped_arrow":1,"minecraft:stick":7,"minecraft:white_bed":1,"minecraft:spruce_log":7,"minecraft:carrot":2,"minecraft:rotten_flesh":4,"minecraft:arrow":4,"minecraft:diamond_chestplate":2,"minecraft:diamond":24,"minecraft:hay_block":15,"minecraft:diamond_axe":2,"minecraft:oak_sapling":1,"minecraft:snowball":5,"minecraft:mutton":15,"minecraft:coal":8,"minecraft:white_wool":9,"minecraft:cobblestone":28,"minecraft:diamond_pickaxe":2},"minecraft:killed_by":{"minecraft:player":1,"minecraft:zombie":1},"minecraft:mined":{"minecraft:white_bed":1,"minecraft:crafting_table":1,"minecraft:short_grass":7,"minecraft:grass_block":1,"minecraft:tall_grass":2,"minecraft:sugar_cane":2,"minecraft:hay_block":15,"minecraft:tall_seagrass":1,"minecraft:furnace":1,"minecraft:carrots":2,"minecraft:wheat":10,"minecraft:spruce_log":7,"minecraft:potatoes":1,"minecraft:coal_ore":5,"minecraft:stone":28,"minecraft:oak_leaves":3}},"DataVersion":3953}