{"stats":{"minecraft:killed":{"minecraft:spider":3,"minecraft:iron_golem":3,"minecraft:sheep":9,"minecraft:zombie":6,"minecraft:chicken":1,"minecraft:stray":1,"minecraft:enderman":1,"minecraft:cow":5},"minecraft:dropped":{"minecraft:raw_iron":3,"minecraft:rotten_flesh":10,"minecraft:spider_eye":1,"minecraft:string":3},"minecraft:crafted":{"minecraft:diamond_sword":1,"minecraft:diamond_axe":1,"minecraft:crafting_table":2,"minecraft:spruce_planks":28,"minecraft:furnace":1,"minecraft:bucket":1,"minecraft:birch_planks":8,"minecraft:cooked_mutton":15,"minecraft:bread":37,"minecraft:diamond_helmet":1,"minecraft:diamond_pickaxe":1,"minecraft:shield":1,"minecraft:stick":16,"minecraft:iron_hoe":1,"minecraft:iron_leggings":1,"minecraft:white_bed":2,"minecraft:wheat":108,"minecraft:diamond_chestplate":1},"minecraft:used":{"minecraft:diorite":1,"minecraft:spruce_door":1,"minecraft:poppy":2,"minecraft:spruce_planks":3,"minecraft:diamond_axe":119,"minecraft:sand":2,"minecraft:crafting_table":3,"minecraft:carrot":1,"minecraft:diamond_helmet":2,"minecraft:white_bed":5,"minecraft:iron_hoe":9,"minecraft:diamond_pickaxe":65,"minecraft:bread":16,"minecraft:suspicious_stew":1,"minecraft:diamond_chestplate":2,"minecraft:diamond_sword":17,"minecraft:cobblestone":29,"minecraft:beef":7,"minecraft:hay_block":3,"minecraft:furnace":1,"minecraft:bucket":1},"minecraft:custom":{"minecraft:interact_with_furnace":4,"minecraft:mob_kills":29,"minecraft:interact_with_crafting_table":10,"minecraft:leave_game":1,"minecraft:time_since_death":46929,"minecraft:sleep_in_bed":7,"minecraft:climb_one_cm":1470,"minecraft:time_since_rest":2051,"minecraft:sprint_one_cm":233375,"minecraft:damage_taken":1241,"minecraft:walk_one_cm":101602,"minecraft:drop":7,"minecraft:damage_dealt":5702,"minecraft:swim_one_cm":39178,"minecraft:fly_one_cm":396613,"minecraft:open_chest":9,"minecraft:crouch_one_cm":89,"minecraft:play_time":54385,"minecraft:sneak_time":251,"minecraft:deaths":2,"minecraft:walk_under_water_one_cm":14160,"minecraft:jump":1526,"minecraft:walk_on_water_one_cm":7926,"minecraft:total_world_time":54385,"minecraft:fall_one_cm":40535},"minecraft:picked_up":{"minecraft:birch_log":2,"minecraft:crafting_table":2,"minecraft:wheat":8,"minecraft:feather":2,"minecraft:chicken":1,"minecraft:leather":6,"minecraft:diamond_sword":2,"minecraft:potato":1,"minecraft:shield":1,"minecraft:string":3,"minecraft:dirt":3,"minecraft:bone":2,"minecraft:wheat_seeds":25,"minecraft:cobbled_deepslate":4,"minecraft:spruce_planks":34,"minecraft:iron_ingot":16,"minecraft:beef":10,"minecraft:poppy":6,"minecraft:diamond_helmet":2,"minecraft:sugar_cane":5,"minecraft:furnace":1,"minecraft:tipped_arrow":1,"minecraft:stick":7,"minecraft:raw_iron":6,"minecraft:sand":2,"minecraft:diorite":1,"minecraft:white_bed":4,"minecraft:spruce_log":7,"minecraft:carrot":2,"minecraft:spider_eye":1,"minecraft:spruce_door":1,"minecraft:rotten_flesh":12,"minecraft:arrow":4,"minecraft:diamond_chestplate":2,"minecraft:diamond":24,"minecraft:hay_block":15,"minecraft:diamond_axe":2,"minecraft:oak_sapling":1,"minecraft:snowball":5,"minecraft:mutton":15,"minecraft:coal":19,"minecraft:white_wool":9,"minecraft:cobblestone":42,"minecraft:diamond_pickaxe":2},"minecraft:killed_by":{"minecraft:player":1,"minecraft:zombie":1},"minecraft:mined":{"minecraft:white_bed":4,"minecraft:spruce_door":1,"minecraft:crafting_table":2,"minecraft:short_grass":8,"minecraft:grass_block":2,"minecraft:tall_grass":2,"minecraft:sugar_cane":2,"minecraft:diorite":1,"minecraft:hay_block":15,"minecraft:tall_seagrass":2,"minecraft:furnace":1,"minecraft:carrots":2,"minecraft:birch_log":2,"minecraft:iron_ore":3,"minecraft:wheat":10,"minecraft:spruce_log":7,"minecraft:potatoes":1,"minecraft:coal_ore":16,"minecraft:sand":2,"minecraft:dirt":1,"minecraft:stone":42,"minecraft:oak_leaves":4}},"DataVersion":3953}