{"stats":{"minecraft:killed":{"minecraft:iron_golem":3,"minecraft:sheep":9,"minecraft:zombie":1,"minecraft:chicken":1,"minecraft:stray":1,"minecraft:cow":5},"minecraft:dropped":{"minecraft:raw_iron":3,"minecraft:rotten_flesh":4},"minecraft:crafted":{"minecraft:diamond_sword":1,"minecraft:diamond_axe":1,"minecraft:crafting_table":2,"minecraft:spruce_planks":28,"minecraft:furnace":1,"minecraft:bucket":1,"minecraft:cooked_mutton":15,"minecraft:bread":37,"minecraft:diamond_helmet":1,"minecraft:diamond_pickaxe":1,"minecraft:shield":1,"minecraft:stick":16,"minecraft:iron_hoe":1,"minecraft:iron_leggings":1,"minecraft:white_bed":1,"minecraft:wheat":108,"minecraft:diamond_chestplate":1},"minecraft:used":{"minecraft:diorite":1,"minecraft:poppy":2,"minecraft:spruce_planks":3,"minecraft:diamond_axe":67,"minecraft:crafting_table":2,"minecraft:carrot":1,"minecraft:diamond_helmet":2,"minecraft:white_bed":3,"minecraft:iron_hoe":9,"minecraft:diamond_pickaxe":65,"minecraft:bread":9,"minecraft:diamond_chestplate":2,"minecraft:diamond_sword":16,"minecraft:cobblestone":25,"minecraft:beef":7,"minecraft:hay_block":3,"minecraft:furnace":1,"minecraft:bucket":1},"minecraft:custom":{"minecraft:interact_with_furnace":4,"minecraft:mob_kills":20,"minecraft:interact_with_crafting_table":9,"minecraft:time_since_death":34481,"minecraft:sleep_in_bed":3,"minecraft:time_since_rest":9244,"minecraft:sprint_one_cm":181713,"minecraft:damage_taken":841,"minecraft:walk_one_cm":78092,"minecraft:drop":4,"minecraft:damage_dealt":3820,"minecraft:swim_one_cm":25286,"minecraft:fly_one_cm":336295,"minecraft:open_chest":5,"minecraft:crouch_one_cm":89,"minecraft:play_time":41937,"minecraft:sneak_time":251,"minecraft:deaths":2,"minecraft:walk_under_water_one_cm":9490,"minecraft:jump":1258,"minecraft:walk_on_water_one_cm":5834,"minecraft:total_world_time":41937,"minecraft:fall_one_cm":35130},"minecraft:picked_up":{"minecraft:crafting_table":1,"minecraft:wheat":8,"minecraft:feather":2,"minecraft:chicken":1,"minecraft:leather":6,"minecraft:diamond_sword":2,"minecraft:potato":1,"minecraft:shield":1,"minecraft:dirt":3,"minecraft:bone":2,"minecraft:wheat_seeds":25,"minecraft:cobbled_deepslate":4,"minecraft:spruce_planks":34,"minecraft:iron_ingot":16,"minecraft:beef":10,"minecraft:poppy":6,"minecraft:diamond_helmet":2,"minecraft:sugar_cane":5,"minecraft:furnace":1,"minecraft:tipped_arrow":1,"minecraft:stick":7,"minecraft:raw_iron":6,"minecraft:diorite":1,"minecraft:white_bed":2,"minecraft:spruce_log":7,"minecraft:carrot":2,"minecraft:spruce_door":1,"minecraft:rotten_flesh":6,"minecraft:arrow":4,"minecraft:diamond_chestplate":2,"minecraft:diamond":24,"minecraft:hay_block":15,"minecraft:diamond_axe":2,"minecraft:oak_sapling":1,"minecraft:snowball":5,"minecraft:mutton":15,"minecraft:coal":19,"minecraft:white_wool":9,"minecraft:cobblestone":42,"minecraft:diamond_pickaxe":2},"minecraft:killed_by":{"minecraft:player":1,"minecraft:zombie":1},"minecraft:mined":{"minecraft:white_bed":2,"minecraft:spruce_door":1,"minecraft:crafting_table":1,"minecraft:short_grass":7,"minecraft:grass_block":2,"minecraft:tall_grass":2,"minecraft:sugar_cane":2,"minecraft:diorite":1,"minecraft:hay_block":15,"minecraft:tall_seagrass":1,"minecraft:furnace":1,"minecraft:carrots":2,"minecraft:iron_ore":3,"minecraft:wheat":10,"minecraft:spruce_log":7,"minecraft:potatoes":1,"minecraft:coal_ore":16,"minecraft:dirt":1,"minecraft:stone":42,"minecraft:oak_leaves":4}},"DataVersion":3953}